Location,Fuel_Type,Transmission,Owner_Type,Seats,Price,Age,Model,Mileage,Power,KM_Driven
Chennai,Diesel,Manual,First,7,6.0,8,ertiga,20.77,88.76,87
Jaipur,Diesel,Manual,First,5,5.6,5,swift,25.2,74.0,64
Jaipur,Diesel,Manual,First,5,5.99,3,swift,28.4,74.0,25
Hyderabad,Petrol,Manual,Second,5,2.75,7,alto,20.92,67.1,54
Jaipur,Petrol,Manual,Second,5,1.85,11,wagon,14.0,64.0,83
Kochi,Diesel,Manual,First,5,8.63,2,vitara,24.3,88.5,50
Delhi,Petrol,Manual,Second,5,1.25,12,alto,19.7,46.3,90
Delhi,Diesel,Manual,First,5,4.25,6,swift,22.9,74.0,52
Kolkata,Diesel,Manual,First,5,3.3,6,swift,17.8,75.0,53
Delhi,Diesel,Manual,First,5,3.85,7,swift,28.4,74.0,65
Hyderabad,Petrol,Manual,First,5,2.25,10,zen,18.2,67.1,39
Pune,Diesel,Manual,First,7,8.15,4,ertiga,24.52,88.5,63
Jaipur,Diesel,Manual,First,5,3.75,8,swift,22.9,74.0,95
Jaipur,Diesel,Manual,First,5,3.11,7,ritz,23.2,73.94,99
Bangalore,Petrol,Manual,First,5,4.45,4,wagon,18.9,67.1,62
Coimbatore,Petrol,Manual,First,5,2.41,10,omni,14.0,35.0,93
Coimbatore,Petrol,Manual,First,5,3.91,3,eeco,15.1,73.0,38
Mumbai,Diesel,Manual,First,5,7.5,4,vitara,24.3,88.5,55
Pune,Petrol,Manual,First,5,2.45,9,wagon,18.9,67.1,43
Kochi,Petrol,Manual,First,5,7.47,3,ciaz,20.73,91.1,44
Coimbatore,Petrol,Manual,First,5,5.81,4,ritz,21.1,85.8,30
Hyderabad,Petrol,Manual,First,5,2.6,6,alto,24.07,67.1,88
Chennai,Petrol,Manual,Second,5,1.6,10,alto,19.7,46.3,94
Kochi,Petrol,Manual,First,5,5.43,4,swift,22.0,81.8,34
Kochi,Petrol,Manual,First,5,9.9,2,ciaz,20.73,91.1,41
Chennai,Diesel,Manual,First,5,6.25,4,swift,22.9,74.0,35
Ahmedabad,Petrol,Manual,First,5,6.2,3,swift,20.4,81.8,24
Kochi,Petrol,Manual,First,5,7.5,3,baleno,21.4,83.1,24
Mumbai,Diesel,Manual,First,7,8.5,4,ertiga,25.47,88.5,33
Mumbai,Diesel,Manual,First,5,9.0,4,vitara,24.3,88.5,20
Mumbai,Petrol,Automatic,First,5,4.22,4,wagon,20.51,67.0,8
Kolkata,Petrol,Manual,First,5,2.65,7,wagon,22.5,67.04,32
Hyderabad,Diesel,Manual,First,5,6.8,4,swift,22.9,74.0,64
Chennai,Diesel,Manual,First,7,6.9,7,ertiga,20.77,88.76,52
Chennai,Diesel,Manual,First,5,8.45,4,ciaz,28.09,88.5,34
Jaipur,Petrol,Manual,Third,5,1.85,9,omni,19.7,35.0,35
Coimbatore,Petrol,Manual,Second,5,5.95,3,swift,20.4,81.8,27
Pune,Diesel,Manual,First,5,3.75,8,swift,22.9,74.0,120
Hyderabad,Diesel,Manual,First,5,4.35,6,ritz,23.2,73.94,88
Pune,Petrol,Manual,First,5,2.0,10,a-star,19.0,66.1,67
Hyderabad,Diesel,Manual,First,5,7.15,2,swift,28.4,74.0,31
Jaipur,Diesel,Manual,First,5,4.35,8,swift,23.4,74.0,73
Kochi,Petrol,Manual,First,5,3.26,4,alto,22.74,47.3,32
Delhi,Petrol,Manual,First,5,1.35,11,wagon,18.9,67.0,60
Hyderabad,Petrol,Manual,First,5,2.1,9,alto,20.92,67.1,70
Hyderabad,Petrol,Automatic,First,5,4.25,6,celerio,23.1,67.04,77
Hyderabad,Petrol,Manual,First,5,2.05,8,omni,14.0,35.0,71
Delhi,Petrol,Manual,First,5,2.65,8,wagon,18.9,67.1,65
Mumbai,Petrol,Manual,First,7,8.25,2,ertiga,16.02,93.7,18
Kolkata,Diesel,Manual,First,5,3.7,8,swift,19.3,73.9,48
Hyderabad,Diesel,Manual,First,5,6.15,5,swift,25.2,74.0,76
Ahmedabad,Petrol,Manual,First,5,1.5,11,alto,19.7,46.3,35
Chennai,Petrol,Manual,Second,5,1.4,14,alto,19.7,46.3,56
Pune,Petrol,Manual,First,5,2.25,8,alto,19.7,46.3,38
Chennai,Diesel,Manual,First,5,7.15,4,vitara,24.3,88.5,45
Pune,Petrol,Manual,First,5,3.75,3,alto,24.07,67.1,30
Delhi,Diesel,Manual,First,5,3.5,7,swift,22.9,74.0,70
Mumbai,Petrol,Automatic,First,5,6.2,4,swift,18.5,83.14,18
Mumbai,Diesel,Manual,First,5,3.25,5,swift,23.4,74.0,130
Kolkata,Petrol,Manual,First,5,2.9,2,alto,24.7,47.3,26
Bangalore,Petrol,Manual,Third,5,2.9,9,alto,18.9,47.0,11
Hyderabad,Diesel,Manual,First,5,9.49,3,vitara,24.3,88.5,39
Hyderabad,Diesel,Manual,Second,5,3.2,10,ritz,21.1,73.9,68
Kolkata,Petrol,Manual,First,5,3.1,6,wagon,20.51,67.04,17
Coimbatore,Diesel,Manual,First,5,3.91,9,ritz,21.1,73.9,90
Jaipur,Petrol,Manual,First,5,0.92,10,alto,19.7,46.3,125
Pune,Petrol,Manual,First,5,2.75,7,wagon,14.0,64.0,53
Coimbatore,Petrol,Automatic,First,5,9.89,2,baleno,21.4,83.1,12
Kochi,Petrol,Manual,First,5,3.74,4,alto,22.74,47.3,34
Ahmedabad,Petrol,Manual,First,5,1.45,13,wagon,18.9,67.1,55
Chennai,Petrol,Manual,Second,5,2.25,9,ritz,18.5,85.8,67
Hyderabad,Diesel,Manual,First,5,3.5,4,celerio,27.62,47.0,80
Coimbatore,Diesel,Manual,First,5,8.26,3,ciaz,28.09,88.5,25
Jaipur,Diesel,Manual,First,5,3.0,9,ritz,23.2,73.94,91
Jaipur,Petrol,Manual,First,7,5.5,6,ertiga,16.02,93.7,98
Ahmedabad,Petrol,Manual,First,5,2.6,9,wagon,18.9,67.1,75
Hyderabad,Diesel,Manual,Second,5,3.6,10,swift,17.8,75.0,86
Ahmedabad,Petrol,Manual,First,5,3.3,8,wagon,22.5,67.04,30
Jaipur,Petrol,Manual,First,5,2.79,6,celerio,23.1,67.04,56
Kochi,Petrol,Manual,First,5,6.37,1,swift,22.0,81.8,20
Kochi,Petrol,Manual,First,5,5.75,3,swift,20.4,81.8,31
Mumbai,Petrol,Manual,First,7,6.8,6,ertiga,16.02,93.7,13
Jaipur,Petrol,Manual,First,7,5.6,6,ertiga,16.02,93.7,47
Hyderabad,Diesel,Manual,First,5,3.85,9,swift,19.3,73.9,130
Delhi,Diesel,Manual,First,5,9.5,4,ciaz,28.09,88.5,41
Pune,Petrol,Manual,Second,5,2.2,10,swift,17.5,85.8,109
Pune,Diesel,Manual,Second,7,6.75,7,ertiga,25.47,88.5,105
Coimbatore,Diesel,Manual,First,5,7.39,4,swift,26.59,74.0,38
Chennai,Petrol,Manual,First,5,4.45,7,swift,18.6,85.8,49
Chennai,Diesel,Manual,First,5,5.25,6,swift,22.9,74.0,35
Kolkata,Diesel,Manual,First,7,5.95,7,ertiga,20.77,88.76,53
Hyderabad,Diesel,Manual,First,5,4.39,9,swift,19.3,73.9,81
Kochi,Diesel,Manual,First,5,6.2,2,swift,25.2,74.0,52
Pune,Petrol,Manual,First,8,1.45,10,omni,19.7,35.0,60
Pune,Diesel,Manual,First,5,8.9,4,vitara,24.3,88.5,21
Jaipur,Diesel,Manual,First,5,9.75,3,ciaz,28.09,88.5,36
Bangalore,Petrol,Manual,First,5,2.75,9,alto,24.07,67.1,64
Pune,Diesel,Manual,Second,5,3.27,5,ritz,23.2,73.94,65
Pune,Petrol,Manual,First,5,6.0,6,ciaz,20.73,91.1,49
Hyderabad,Diesel,Manual,First,7,7.5,5,ertiga,20.77,88.8,59
Jaipur,Diesel,Manual,First,5,6.25,5,swift,26.59,74.0,60
Kochi,Diesel,Manual,First,5,7.4,3,ciaz,28.09,88.5,41
Hyderabad,Diesel,Manual,First,5,3.55,8,ritz,21.1,73.9,146
Pune,Diesel,Manual,First,5,7.99,3,vitara,24.3,88.5,38
Hyderabad,Petrol,Automatic,First,5,3.95,3,alto,24.07,67.1,25
Coimbatore,Petrol,Manual,First,5,4.31,7,ritz,18.5,85.8,57
Pune,Petrol,Manual,Second,5,2.85,12,swift,17.5,85.8,64
Hyderabad,Petrol,Automatic,First,5,8.5,3,dzire,22.0,81.8,13
Kochi,Petrol,Manual,First,5,3.51,3,alto,22.74,47.3,54
Kochi,Petrol,Manual,First,5,3.52,5,wagon,20.51,67.04,43
Mumbai,Petrol,Manual,First,5,5.25,5,swift,20.85,83.14,19
Kolkata,Diesel,Manual,First,5,2.9,8,swift,25.2,74.0,52
Coimbatore,Diesel,Manual,First,5,7.83,2,baleno,27.39,74.0,25
Hyderabad,Diesel,Manual,First,5,6.25,4,swift,25.2,74.0,54
Ahmedabad,Diesel,Manual,First,7,7.75,3,ertiga,25.47,88.5,63
Delhi,Petrol,Automatic,Second,5,3.2,6,celerio,23.1,67.04,35
Delhi,Diesel,Manual,First,5,4.9,5,swift,25.2,74.0,63
Hyderabad,Petrol,Manual,First,5,2.6,8,alto,19.7,46.3,67
Coimbatore,Petrol,Manual,First,5,5.2,4,swift,20.4,81.8,37
Pune,Petrol,Manual,Third,5,1.8,11,a-star,19.0,66.1,85
Kolkata,Petrol,Manual,Second,5,1.5,9,ritz,18.5,85.8,50
Hyderabad,Petrol,Automatic,First,5,4.55,6,celerio,23.1,67.04,44
Bangalore,Petrol,Manual,First,5,2.45,10,wagon,18.9,67.1,81
Hyderabad,Petrol,Manual,First,8,2.35,7,omni,16.8,34.2,26
Coimbatore,Petrol,Manual,First,5,4.32,5,wagon,22.5,67.04,72
Bangalore,Petrol,Manual,Second,7,6.25,7,ertiga,16.02,93.7,68
Pune,Diesel,Manual,First,5,4.75,7,swift,23.4,74.0,88
Kochi,Diesel,Manual,First,7,6.56,7,ertiga,20.77,88.8,39
Pune,Petrol,Manual,First,5,2.3,6,alto,24.07,67.1,49
Kolkata,Petrol,Manual,First,5,2.49,6,wagon,20.51,67.04,40
Hyderabad,Petrol,Manual,First,5,2.75,6,alto,22.74,47.3,58
Kolkata,Petrol,Manual,First,5,2.75,6,wagon,20.51,67.04,25
Coimbatore,Petrol,Manual,Second,5,6.21,6,swift,18.6,85.8,33
Hyderabad,Petrol,Automatic,First,5,4.4,6,celerio,23.1,67.04,33
Mumbai,Diesel,Manual,First,7,7.25,6,ertiga,20.77,88.8,64
Hyderabad,Diesel,Manual,First,5,8.65,2,swift,28.4,74.0,5
Pune,Petrol,Automatic,First,5,5.0,3,celerio,23.1,67.04,7
Kolkata,Petrol,Manual,First,5,2.7,9,dzire,22.0,81.8,46
Ahmedabad,Petrol,Manual,First,5,3.2,5,wagon,18.9,67.1,51
Bangalore,Diesel,Manual,Second,5,6.85,6,swift,23.4,74.0,25
Delhi,Diesel,Manual,First,5,3.55,8,swift,28.4,74.0,52
Coimbatore,Diesel,Manual,First,7,7.5,4,ertiga,20.77,88.76,85
Mumbai,Diesel,Manual,Second,5,2.85,12,swift,19.3,73.9,91
Hyderabad,Diesel,Manual,First,5,3.3,10,ritz,21.1,73.9,79
Bangalore,Petrol,Manual,First,5,5.0,7,swift,19.1,85.8,38
Coimbatore,Diesel,Manual,First,5,6.46,6,swift,22.9,74.0,59
Coimbatore,Petrol,Manual,First,7,3.61,8,eeco,15.1,73.0,56
Hyderabad,Diesel,Manual,First,5,3.65,10,swift,19.3,73.9,130
Bangalore,Petrol,Manual,First,5,4.15,5,celerio,23.1,67.04,74
Bangalore,Petrol,Manual,Second,5,1.65,13,zen,18.2,64.0,60
Ahmedabad,Petrol,Manual,First,5,8.25,3,ciaz,20.73,91.1,6
Kolkata,Diesel,Manual,First,5,6.5,4,baleno,27.39,74.0,29
Ahmedabad,Diesel,Manual,First,5,7.5,4,ciaz,28.09,88.5,56
Hyderabad,Petrol,Manual,First,5,4.2,7,ritz,18.5,85.8,35
Jaipur,Diesel,Manual,First,5,4.8,6,swift,23.4,74.0,96
Pune,Petrol,Manual,First,5,5.85,4,baleno,21.4,83.1,14
Kolkata,Petrol,Manual,First,5,2.6,4,alto,22.74,47.3,26
Kolkata,Petrol,Manual,Second,5,1.4,12,swift,17.5,85.8,47
Hyderabad,Diesel,Manual,First,5,3.6,8,ritz,21.1,73.9,96
Delhi,Petrol,Manual,Second,5,1.25,13,wagon,18.9,67.1,65
Pune,Petrol,Manual,First,5,3.1,6,wagon,20.51,67.04,51
Pune,Petrol,Manual,Second,5,1.05,14,baleno,15.4,94.0,146
Chennai,Petrol,Manual,First,5,2.1,9,alto,20.92,67.1,91
Delhi,Diesel,Manual,First,5,8.9,3,ciaz,28.09,88.5,26
Mumbai,Petrol,Manual,First,5,5.15,4,swift,20.4,81.8,9
Chennai,Petrol,Manual,Second,5,1.65,10,wagon,18.9,67.0,134
Coimbatore,Diesel,Automatic,First,5,8.08,3,swift,26.59,74.0,24
Hyderabad,Petrol,Manual,First,5,2.6,10,a-star,19.0,66.1,81
Chennai,Petrol,Manual,Second,5,1.75,12,wagon,18.9,67.0,55
Kochi,Petrol,Manual,First,8,3.8,1,omni,16.8,34.2,11
Hyderabad,Diesel,Manual,First,5,6.1,6,swift,25.2,74.0,81
Kochi,Diesel,Manual,First,5,8.51,1,swift,26.59,74.0,18
Kolkata,Diesel,Manual,Second,5,2.5,8,swift,22.9,74.0,82
Coimbatore,Petrol,Manual,First,5,4.57,7,swift,18.6,85.8,61
Delhi,Diesel,Manual,First,5,4.15,6,swift,26.59,74.0,68
Delhi,Petrol,Manual,First,5,3.7,4,wagon,18.9,67.1,22
Kolkata,Diesel,Manual,First,5,3.85,6,swift,23.4,74.0,45
Pune,Diesel,Manual,First,7,7.0,4,ertiga,25.47,88.5,130
Ahmedabad,Diesel,Manual,First,7,5.75,7,ertiga,20.77,88.8,67
Hyderabad,Petrol,Manual,First,5,1.7,11,alto,19.7,46.3,35
Pune,Diesel,Manual,First,5,7.55,4,swift,22.9,74.0,58
Pune,Petrol,Automatic,First,5,3.3,5,alto,24.07,67.1,73
Kolkata,Diesel,Manual,First,5,6.5,3,vitara,24.3,88.5,35
Kolkata,Petrol,Manual,First,5,2.8,5,wagon,18.9,67.1,14
Coimbatore,Petrol,Manual,Second,5,2.69,12,wagon,18.9,67.1,53
Mumbai,Petrol,Manual,First,5,2.8,4,alto,24.7,47.3,24
Pune,Petrol,Manual,First,5,4.65,7,swift,18.6,85.8,32
Pune,Diesel,Manual,First,5,5.75,5,swift,17.8,75.0,79
Kolkata,Diesel,Manual,First,5,3.89,6,swift,26.59,74.0,57
Coimbatore,Petrol,Manual,First,5,3.11,4,omni,14.0,35.0,55
Ahmedabad,Diesel,Manual,First,7,8.7,2,ertiga,24.52,88.5,38
Jaipur,Diesel,Manual,First,5,8.5,3,ciaz,28.09,88.5,38
Chennai,Petrol,Manual,First,5,3.0,7,wagon,18.9,67.1,79
Delhi,Petrol,Manual,First,5,4.75,4,swift,16.1,85.0,42
Delhi,Petrol,Manual,First,5,5.45,4,baleno,21.4,83.1,50
Jaipur,Diesel,Automatic,First,5,7.3,4,swift,26.59,74.0,54
Ahmedabad,Petrol,Manual,First,5,2.71,12,swift,16.1,88.2,65
Hyderabad,Petrol,Automatic,First,5,4.65,4,celerio,23.1,67.04,21
Mumbai,Petrol,Manual,First,5,2.95,9,swift,17.5,85.8,58
Hyderabad,Diesel,Manual,First,5,5.95,5,swift,25.2,74.0,58
Hyderabad,Petrol,Manual,First,5,2.45,11,a-star,19.0,66.1,66
Kolkata,Petrol,Manual,First,5,2.3,8,wagon,18.9,67.1,35
Jaipur,Diesel,Manual,First,5,5.9,4,swift,25.2,74.0,41
Pune,Petrol,Manual,Second,5,2.1,6,alto,22.74,47.3,32
Kolkata,Petrol,Manual,First,5,1.55,7,alto,22.74,47.3,56
Mumbai,Diesel,Manual,First,7,7.75,4,ertiga,20.77,88.76,54
Pune,Diesel,Manual,First,5,4.35,7,ritz,21.1,73.9,20
Kochi,Diesel,Manual,First,5,6.24,3,swift,28.4,74.0,34
Chennai,Diesel,Manual,First,7,4.8,5,ertiga,20.77,88.76,153
Chennai,Petrol,Manual,Second,5,4.5,6,swift,16.1,85.0,54
Kochi,Petrol,Manual,First,5,6.57,2,baleno,21.4,83.1,23
Hyderabad,Diesel,Manual,First,5,6.95,4,swift,22.9,74.0,55
Hyderabad,Petrol,Manual,First,5,2.4,8,alto,20.92,67.1,46
Hyderabad,Petrol,Manual,First,7,2.95,5,eeco,15.1,73.0,90
Jaipur,Petrol,Manual,First,5,1.5,14,wagon,18.9,67.0,65
Delhi,Petrol,Automatic,First,5,9.2,3,ciaz,19.12,91.1,32
Jaipur,Petrol,Manual,First,5,4.5,5,swift,16.1,88.2,78
Mumbai,Diesel,Manual,First,5,5.25,5,swift,28.4,74.0,14
Delhi,Diesel,Manual,First,5,4.25,6,swift,25.2,74.0,57
Coimbatore,Petrol,Manual,Second,5,5.29,7,swift,17.5,85.8,59
Coimbatore,Petrol,Manual,First,5,5.72,6,swift,19.1,85.8,47
Jaipur,Diesel,Manual,First,5,7.1,5,ciaz,28.09,88.5,40
Pune,Diesel,Manual,First,5,7.05,4,swift,26.59,74.0,23
Kochi,Petrol,Manual,First,5,6.93,5,ciaz,20.73,91.1,44
Coimbatore,Petrol,Manual,First,5,2.88,8,alto,19.7,46.3,49
Kolkata,Petrol,Manual,First,5,2.15,4,alto,24.7,47.3,31
Mumbai,Petrol,Manual,First,5,3.6,1,alto,24.7,47.3,0
Kolkata,Petrol,Manual,First,5,3.6,2,alto,24.07,67.1,2
Jaipur,Petrol,Manual,Second,5,2.85,7,wagon,20.51,67.04,62
Delhi,Diesel,Manual,First,5,6.75,4,baleno,27.39,74.0,46
Pune,Petrol,Manual,First,5,1.69,11,wagon,18.9,67.1,120
Mumbai,Petrol,Manual,First,5,3.2,4,ritz,18.5,85.8,62
Pune,Diesel,Manual,First,5,3.0,10,ritz,21.1,73.9,71
Coimbatore,Petrol,Manual,First,5,3.1,10,alto,19.7,46.3,48
Kolkata,Diesel,Manual,First,7,5.45,7,ertiga,20.77,88.8,70
Kolkata,Diesel,Manual,First,5,4.75,3,swift,23.4,74.0,148
Delhi,Diesel,Manual,First,5,5.5,5,swift,26.59,74.0,76
Delhi,Petrol,Manual,First,5,2.8,6,celerio,23.1,67.04,77
Hyderabad,Petrol,Manual,First,5,3.5,4,alto,24.07,67.1,10
Chennai,Petrol,Automatic,Second,5,4.25,4,celerio,23.1,67.04,12
Chennai,Petrol,Manual,First,5,4.9,8,swift,17.5,85.8,49
Pune,Petrol,Manual,First,5,2.0,9,a-star,19.0,66.1,70
Delhi,Diesel,Manual,First,5,2.9,6,swift,23.4,74.0,71
Hyderabad,Diesel,Manual,First,5,3.39,8,ritz,23.2,73.94,85
Chennai,Diesel,Manual,First,5,6.85,6,ciaz,28.09,88.5,45
Coimbatore,Petrol,Manual,First,5,8.7,1,baleno,21.4,83.1,17
Mumbai,Petrol,Manual,First,5,6.1,4,baleno,21.4,83.1,12
Delhi,Petrol,Manual,First,5,2.65,5,alto,20.92,67.1,51
Kochi,Petrol,Manual,First,5,5.27,3,swift,20.4,81.8,42
Mumbai,Petrol,Manual,First,5,3.25,6,ritz,21.1,85.8,33
Pune,Petrol,Manual,Second,5,1.95,9,a-star,19.0,66.1,69
Hyderabad,Diesel,Manual,First,5,7.79,4,baleno,27.39,74.0,30
Kochi,Diesel,Manual,First,7,8.27,3,ertiga,20.77,88.76,43
Delhi,Diesel,Manual,First,5,3.95,7,swift,23.4,74.0,72
Delhi,Petrol,Manual,First,5,4.25,7,swift,17.5,85.8,40
Hyderabad,Diesel,Automatic,First,5,9.15,3,dzire,28.4,73.75,28
Delhi,Diesel,Manual,First,5,4.25,6,swift,22.9,74.0,56
Chennai,Petrol,Manual,First,5,2.79,5,alto,22.74,47.3,21
Hyderabad,Petrol,Manual,First,5,2.6,7,omni,14.0,35.0,34
Kolkata,Diesel,Manual,First,5,3.5,4,swift,23.4,74.0,100
Hyderabad,Petrol,Manual,First,5,3.9,8,ritz,21.1,85.8,68
Chennai,Petrol,Manual,Third,5,4.5,8,swift,18.6,85.8,42
Coimbatore,Petrol,Manual,First,5,2.96,10,alto,19.7,46.3,59
Kochi,Petrol,Manual,First,5,3.08,9,wagon,18.9,67.1,36
Pune,Petrol,Manual,First,5,2.6,9,wagon,20.51,67.04,71
Kochi,Petrol,Manual,First,5,3.02,7,wagon,18.9,67.0,36
Kolkata,Petrol,Manual,First,5,2.35,5,alto,22.74,47.3,11
Pune,Petrol,Manual,First,5,5.45,4,swift,22.0,81.8,27
Kochi,Petrol,Manual,First,5,6.21,5,swift,20.85,83.14,24
Pune,Diesel,Manual,First,5,3.1,10,swift,17.8,75.0,135
Jaipur,Petrol,Automatic,First,5,3.87,4,wagon,20.51,67.0,68
Mumbai,Petrol,Manual,First,5,9.28,2,ciaz,20.73,91.1,32
Kochi,Petrol,Manual,First,5,7.8,4,ciaz,20.73,91.2,40
Bangalore,Petrol,Automatic,First,5,4.0,6,celerio,23.1,67.04,49
Delhi,Diesel,Manual,First,5,4.75,5,swift,25.2,74.0,60
Ahmedabad,Diesel,Manual,First,5,6.0,3,swift,25.2,74.0,49
Pune,Petrol,Manual,Third,5,2.5,10,swift,16.1,88.2,54
Kochi,Petrol,Manual,First,5,6.84,5,ciaz,20.73,91.1,46
Hyderabad,Diesel,Manual,First,5,3.4,10,ritz,21.1,73.9,79
Coimbatore,Petrol,Automatic,Second,5,3.49,7,a-star,16.98,66.1,60
Delhi,Petrol,Manual,Second,5,2.74,8,wagon,22.5,67.04,45
Coimbatore,Petrol,Manual,Second,5,6.26,4,swift,18.6,85.8,18
Kochi,Petrol,Manual,First,5,4.86,6,swift,17.5,85.8,49
Coimbatore,Petrol,Manual,First,5,3.22,9,alto,24.07,67.1,48
Kochi,Petrol,Manual,First,5,5.44,3,swift,20.4,81.8,37
Delhi,Petrol,Automatic,First,5,6.2,3,baleno,21.4,83.1,44
Mumbai,Petrol,Manual,First,5,3.95,4,ritz,18.5,85.8,11
Hyderabad,Petrol,Manual,First,5,3.6,7,wagon,18.9,67.1,67
Kolkata,Petrol,Manual,First,5,4.4,4,swift,19.1,85.8,18
Kolkata,Diesel,Manual,First,5,4.35,6,swift,23.4,74.0,32
Jaipur,Diesel,Manual,First,5,3.3,10,swift,19.3,73.9,71
Ahmedabad,Petrol,Manual,First,5,2.75,10,wagon,22.5,67.04,21
Pune,Diesel,Manual,First,7,8.0,3,ertiga,24.52,88.5,121
Jaipur,Petrol,Manual,First,5,1.85,10,alto,19.7,46.3,73
Jaipur,Petrol,Automatic,First,5,3.85,5,wagon,20.51,67.0,34
Coimbatore,Petrol,Manual,First,7,4.74,3,eeco,15.1,73.0,28
Kochi,Petrol,Manual,First,5,2.62,9,zen,18.2,64.0,25
Pune,Diesel,Manual,Second,5,2.7,12,swift,28.4,74.0,150
Mumbai,Diesel,Manual,First,7,5.85,8,ertiga,20.77,88.8,88
Jaipur,Diesel,Manual,First,5,2.9,9,ritz,21.1,73.9,79
Pune,Diesel,Manual,First,5,5.1,6,swift,22.9,74.0,75
Mumbai,Petrol,Manual,First,5,3.69,6,ritz,18.5,85.8,59
Hyderabad,Diesel,Manual,First,5,5.45,7,swift,22.9,74.0,53
Pune,Diesel,Manual,First,5,4.35,8,swift,22.9,74.0,75
Coimbatore,Petrol,Automatic,First,5,5.23,3,wagon,22.5,67.0,37
Pune,Diesel,Automatic,First,5,9.0,3,dzire,28.4,73.75,41
Kochi,Diesel,Manual,First,5,5.22,4,swift,22.9,74.0,38
Mumbai,Petrol,Manual,First,5,5.1,4,swift,22.0,81.8,23
Pune,Petrol,Manual,First,5,2.9,7,wagon,18.9,67.1,61
Kolkata,Petrol,Manual,First,5,4.45,5,swift,17.5,85.8,27
Coimbatore,Diesel,Manual,First,5,9.58,3,vitara,24.3,88.5,71
Delhi,Diesel,Manual,First,7,5.35,6,ertiga,20.77,88.76,79
Hyderabad,Diesel,Manual,First,5,8.2,3,swift,28.4,74.0,2
Mumbai,Petrol,Automatic,First,5,3.8,6,celerio,23.1,67.04,53
Delhi,Diesel,Manual,First,5,3.6,6,ritz,23.2,73.94,32
Mumbai,Petrol,Manual,First,7,2.9,6,eeco,15.1,73.0,34
Delhi,Petrol,Manual,First,5,7.65,3,ciaz,20.73,91.1,17
Delhi,Diesel,Manual,First,5,6.4,4,ciaz,28.09,88.5,66
Kolkata,Petrol,Manual,First,5,4.25,6,swift,19.1,85.8,48
Mumbai,Petrol,Manual,First,5,3.25,8,ritz,18.5,85.8,29
Delhi,Diesel,Manual,First,5,3.75,6,swift,17.8,75.0,62
Kochi,Petrol,Manual,First,5,9.96,2,ciaz,20.73,91.1,15
Hyderabad,Diesel,Manual,Second,5,4.75,7,swift,22.9,74.0,99
Mumbai,Petrol,Manual,First,8,2.25,7,omni,16.8,34.2,11
Mumbai,Petrol,Manual,First,5,3.85,8,swift,19.1,85.8,88
Delhi,Diesel,Manual,First,5,5.75,4,dzire,28.4,73.75,45
Jaipur,Diesel,Manual,First,5,8.2,3,dzire,28.4,73.75,24
Chennai,Petrol,Manual,First,5,1.59,12,alto,19.7,46.3,65
Coimbatore,Diesel,Manual,First,5,5.79,6,swift,22.9,74.0,83
Hyderabad,Diesel,Manual,First,5,9.3,4,vitara,24.3,88.5,41
Hyderabad,Petrol,Manual,First,5,1.8,14,alto,19.7,46.3,71
Delhi,Diesel,Manual,First,5,4.74,5,swift,22.9,74.0,51
Hyderabad,Petrol,Manual,First,5,4.7,8,swift,19.1,85.8,65
Jaipur,Petrol,Manual,Second,5,1.51,11,wagon,18.9,67.0,111
Mumbai,Petrol,Manual,First,5,5.95,5,ciaz,20.73,91.1,35
Chennai,Petrol,Manual,First,5,3.4,6,celerio,23.1,67.04,41
Pune,Diesel,Manual,First,5,5.5,2,swift,23.4,74.0,12
Mumbai,Diesel,Manual,Second,5,4.25,8,dzire,28.4,73.75,74
Hyderabad,Diesel,Manual,First,7,6.5,8,ertiga,20.77,88.76,82
Coimbatore,Diesel,Manual,First,5,5.99,6,swift,25.2,74.0,44
Pune,Diesel,Manual,First,5,8.5,4,ciaz,28.09,88.5,50
Coimbatore,Petrol,Manual,First,7,3.75,7,eeco,15.1,73.0,54
Jaipur,Petrol,Manual,Second,5,1.5,14,wagon,18.9,67.1,101
Ahmedabad,Petrol,Manual,First,5,5.9,5,swift,20.4,81.8,40
Hyderabad,Petrol,Automatic,First,5,3.6,8,ritz,17.16,85.8,57
Chennai,Petrol,Manual,First,5,2.1,9,alto,19.7,46.3,75
Pune,Petrol,Manual,Second,5,2.4,12,swift,17.5,85.8,56
Pune,Petrol,Manual,First,5,2.1,8,alto,20.92,67.1,69
Hyderabad,Diesel,Manual,First,5,8.45,4,ciaz,28.09,88.5,46
Mumbai,Petrol,Automatic,First,5,3.94,4,celerio,23.1,67.04,47
Kolkata,Diesel,Manual,First,5,5.25,5,dzire,28.4,73.75,28
Jaipur,Petrol,Manual,First,5,2.41,7,alto,22.74,47.3,86
Kolkata,Petrol,Manual,First,5,1.0,11,zen,17.3,60.0,37
Hyderabad,Petrol,Manual,Second,5,2.15,9,alto,19.7,46.3,76
Kochi,Petrol,Automatic,First,5,7.89,2,baleno,21.4,83.1,21
Kochi,Petrol,Manual,First,5,7.74,3,baleno,21.4,83.1,25
Mumbai,Petrol,Manual,First,5,5.8,4,baleno,21.4,83.1,12
Hyderabad,Petrol,Manual,First,5,3.2,8,wagon,18.9,67.1,52
Delhi,Diesel,Manual,First,7,4.85,7,ertiga,25.47,88.5,68
Chennai,Diesel,Manual,First,7,8.1,3,ertiga,24.52,88.5,80
Pune,Petrol,Manual,First,5,1.8,8,alto,20.92,67.1,100
Mumbai,Petrol,Automatic,First,5,6.1,6,ciaz,19.12,91.1,46
Hyderabad,Diesel,Manual,First,5,5.65,7,swift,28.4,74.0,84
Kolkata,Diesel,Manual,First,5,2.5,9,ritz,21.1,73.9,77
Kolkata,Petrol,Manual,First,5,3.55,7,swift,19.1,85.8,40
Hyderabad,Petrol,Automatic,First,5,8.6,3,baleno,21.4,83.1,14
Hyderabad,Petrol,Manual,First,5,2.5,5,alto,22.74,47.3,96
Mumbai,Petrol,Manual,First,5,1.2,12,alto,19.7,46.3,26
Ahmedabad,Diesel,Manual,First,5,8.0,3,vitara,24.3,88.5,80
Coimbatore,Diesel,Manual,First,5,5.05,7,ritz,21.1,73.9,73
Mumbai,Petrol,Manual,Second,5,3.2,9,swift,17.5,85.8,14
Kolkata,Petrol,Manual,First,5,3.6,4,wagon,22.5,67.04,16
Coimbatore,Petrol,Manual,First,5,3.58,3,omni,16.8,34.2,15
Mumbai,Petrol,Manual,Second,5,1.75,10,wagon,22.5,67.04,38
Jaipur,Petrol,Automatic,First,5,7.75,2,baleno,21.4,83.1,4
Hyderabad,Petrol,Manual,First,5,4.3,5,wagon,18.9,67.1,45
Chennai,Petrol,Automatic,First,5,3.4,4,alto,24.07,67.1,57
Delhi,Petrol,Manual,First,5,2.1,7,alto,24.7,47.3,56
Mumbai,Petrol,Manual,First,5,3.65,8,swift,18.6,85.8,15
Pune,Petrol,Manual,Third,5,1.3,13,zen,18.2,67.1,42
Kochi,Petrol,Manual,First,5,5.11,3,celerio,23.1,67.04,21
Kolkata,Diesel,Manual,First,5,2.85,8,ritz,23.2,73.94,39
Coimbatore,Petrol,Manual,First,5,6.26,5,swift,19.1,85.8,33
Mumbai,Petrol,Manual,First,5,3.1,5,wagon,21.5,81.8,55
Kolkata,Petrol,Manual,First,5,3.59,6,swift,19.1,85.8,33
Hyderabad,Petrol,Manual,First,5,2.35,5,omni,14.0,35.0,52
Chennai,Petrol,Manual,First,5,4.15,5,swift,20.4,81.8,29
Ahmedabad,Petrol,Manual,First,5,2.65,4,alto,24.7,47.3,60
Kolkata,Petrol,Manual,First,5,1.02,11,alto,19.7,46.3,68
Mumbai,Petrol,Manual,First,5,5.65,3,baleno,21.4,83.1,15
Kolkata,Petrol,Manual,First,5,3.5,4,celerio,23.1,67.04,25
Jaipur,Diesel,Manual,First,5,7.5,3,ciaz,26.21,88.5,62
Hyderabad,Petrol,Manual,First,5,2.2,7,alto,20.92,67.1,90
Kochi,Diesel,Manual,First,5,5.22,4,swift,28.4,74.0,62
Chennai,Petrol,Manual,Third,5,1.2,12,alto,19.7,46.3,68
Delhi,Diesel,Manual,Second,5,7.85,4,ciaz,28.09,88.5,38
Kolkata,Petrol,Manual,First,5,4.65,3,swift,20.4,81.8,13
Kolkata,Petrol,Manual,First,5,2.99,5,celerio,23.1,67.04,30
Kochi,Petrol,Automatic,First,5,7.22,3,baleno,21.4,83.1,36
Hyderabad,Diesel,Manual,First,5,5.8,6,swift,22.9,74.0,85
Delhi,Diesel,Manual,First,5,5.0,5,swift,26.59,74.0,53
Jaipur,Diesel,Manual,Second,5,2.35,11,ritz,21.1,73.9,73
Jaipur,Petrol,Manual,Second,5,2.05,11,a-star,19.0,66.1,65
Hyderabad,Petrol,Manual,First,5,3.9,6,wagon,20.51,67.04,55
Delhi,Diesel,Manual,First,5,8.3,3,ciaz,28.09,88.5,25
Delhi,Diesel,Manual,First,5,7.85,3,vitara,24.3,88.5,40
Delhi,Diesel,Manual,First,7,7.65,3,ertiga,25.47,88.5,65
Kochi,Petrol,Manual,First,5,6.75,4,ciaz,20.73,91.1,51
Ahmedabad,Petrol,Manual,First,5,2.41,12,swift,16.1,88.2,52
Delhi,Petrol,Manual,First,5,6.5,4,baleno,21.4,83.1,27
Jaipur,Diesel,Manual,First,5,9.0,3,vitara,24.3,88.5,48
Pune,Petrol,Manual,First,5,1.65,13,wagon,14.0,64.0,83
Hyderabad,Diesel,Manual,First,5,4.0,9,dzire,28.4,73.75,110
Delhi,Diesel,Manual,First,5,6.96,3,baleno,27.39,74.0,33
Coimbatore,Petrol,Manual,Second,5,3.19,9,alto,24.07,67.1,46
Jaipur,Diesel,Manual,First,5,4.5,4,swift,23.4,74.0,80
Pune,Petrol,Manual,Second,5,3.5,6,ritz,18.5,85.8,25
Jaipur,Diesel,Manual,First,5,5.25,5,swift,26.59,74.0,144
Coimbatore,Petrol,Automatic,First,5,8.47,2,baleno,21.4,83.1,38
Coimbatore,Diesel,Manual,First,5,9.32,2,ciaz,26.21,88.5,68
Hyderabad,Petrol,Manual,First,5,1.65,13,alto,19.7,46.3,76
Kochi,Diesel,Manual,First,5,9.38,3,vitara,24.3,88.5,45
Mumbai,Petrol,Manual,First,5,1.5,9,omni,14.0,35.0,39
Kochi,Petrol,Manual,First,5,3.8,1,alto,24.7,47.3,19
Kolkata,Diesel,Manual,First,7,5.99,6,ertiga,20.77,88.76,47
Kochi,Petrol,Manual,First,5,5.89,4,swift,16.1,85.0,19
Ahmedabad,Diesel,Manual,First,5,4.25,8,swift,23.4,74.0,56
Pune,Diesel,Manual,First,5,6.0,2,swift,28.4,74.0,30
Hyderabad,Petrol,Manual,First,5,2.2,13,wagon,14.0,64.0,84
Kolkata,Diesel,Manual,First,5,8.75,2,vitara,24.3,88.5,2
Hyderabad,Diesel,Manual,First,5,4.79,4,swift,19.3,73.9,69
Jaipur,Petrol,Manual,First,5,1.15,14,wagon,18.9,67.1,145
Hyderabad,Petrol,Manual,First,5,4.4,8,ritz,18.5,85.8,68
Pune,Petrol,Manual,First,5,4.9,6,swift,19.1,85.8,68
Delhi,Diesel,Manual,First,7,5.95,6,ertiga,20.77,88.8,52
Chennai,Diesel,Manual,First,5,4.4,8,swift,22.9,74.0,78
Coimbatore,Diesel,Manual,First,5,5.17,6,swift,23.4,74.0,67
Kochi,Diesel,Manual,First,5,6.61,5,swift,23.4,74.0,35
Pune,Petrol,Automatic,First,5,4.5,4,celerio,23.1,67.04,54
Kolkata,Diesel,Manual,First,5,4.75,5,swift,19.3,73.9,35
Mumbai,Petrol,Automatic,First,5,4.15,4,wagon,22.5,67.0,8
Mumbai,Petrol,Manual,First,5,3.15,4,alto,24.07,67.1,13
Kolkata,Diesel,Manual,First,5,4.5,7,swift,23.4,74.0,22
Kolkata,Diesel,Manual,Second,5,5.75,5,ciaz,26.21,88.5,62
Pune,Diesel,Manual,First,5,3.52,8,ritz,23.2,73.94,23
Pune,Diesel,Manual,First,5,5.8,4,swift,26.59,74.0,39
Hyderabad,Diesel,Manual,First,5,6.95,7,swift,23.4,74.0,84
Ahmedabad,Petrol,Manual,First,5,4.25,8,swift,17.5,85.8,55
Bangalore,Petrol,Manual,Second,5,2.75,6,alto,24.7,47.3,73
Hyderabad,Diesel,Manual,First,7,7.0,7,ertiga,20.77,88.8,120
Hyderabad,Diesel,Manual,Second,5,3.5,11,swift,19.3,73.9,88
Delhi,Petrol,Manual,First,5,7.0,2,baleno,21.4,83.1,22
Chennai,Petrol,Manual,First,5,6.7,5,ciaz,20.73,91.1,30
Kochi,Petrol,Manual,First,5,3.63,2,alto,24.07,67.1,46
Mumbai,Petrol,Manual,First,5,4.8,5,swift,17.5,85.8,60
Pune,Petrol,Manual,First,5,2.3,8,wagon,18.9,67.1,82
Hyderabad,Petrol,Manual,First,5,2.25,11,a-star,19.0,66.1,61
Kochi,Petrol,Manual,First,5,3.36,9,wagon,22.5,67.04,15
Hyderabad,Petrol,Manual,First,5,4.99,3,celerio,23.1,67.04,26
Kochi,Petrol,Manual,First,5,3.41,6,wagon,22.5,67.04,41
Jaipur,Petrol,Manual,First,5,3.5,5,wagon,21.5,81.8,64
Kochi,Diesel,Manual,First,5,8.62,2,vitara,24.3,88.5,51
Mumbai,Diesel,Manual,First,5,7.25,3,swift,23.4,74.0,18
Chennai,Diesel,Manual,First,5,8.0,2,swift,28.4,74.0,11
Kolkata,Petrol,Manual,First,5,3.35,4,wagon,18.9,67.1,29
Kochi,Petrol,Automatic,First,5,9.51,1,baleno,21.4,83.1,13
Coimbatore,Petrol,Manual,Second,5,5.39,6,swift,19.1,85.8,58
Pune,Diesel,Manual,Second,5,3.0,11,swift,19.3,73.9,90
Jaipur,Diesel,Manual,First,5,4.3,8,swift,23.4,74.0,83
Jaipur,Petrol,Manual,First,5,6.75,3,swift,20.85,83.14,37
Ahmedabad,Petrol,Manual,Second,5,1.2,13,alto,19.7,46.3,72
Hyderabad,Diesel,Manual,First,5,3.9,8,ritz,23.2,73.94,78
Kochi,Diesel,Manual,First,5,9.13,3,vitara,24.3,88.5,38
Pune,Petrol,Manual,First,7,2.25,9,eeco,15.1,73.0,45
Mumbai,Petrol,Manual,First,5,3.25,8,swift,17.5,85.8,83
Mumbai,Petrol,Manual,First,5,2.35,10,wagon,22.5,67.04,37
Kolkata,Diesel,Manual,First,5,3.1,5,celerio,27.62,47.0,33
Kochi,Petrol,Manual,First,5,5.86,3,swift,20.4,81.8,26
Coimbatore,Diesel,Manual,First,5,7.05,2,swift,25.2,74.0,61
Delhi,Diesel,Automatic,First,5,7.5,2,swift,28.4,74.0,11
Mumbai,Petrol,Manual,First,5,6.75,4,baleno,21.4,83.1,12
Ahmedabad,Diesel,Manual,First,5,7.5,3,swift,26.59,74.0,26
Kolkata,Petrol,Manual,First,5,1.55,10,alto,19.7,46.3,38
Coimbatore,Petrol,Manual,First,5,7.76,2,baleno,21.4,83.1,25
Pune,Petrol,Manual,First,5,5.5,3,swift,16.1,85.0,12
Coimbatore,Petrol,Manual,First,5,4.29,2,alto,24.7,47.3,26
Delhi,Petrol,Manual,First,5,4.2,6,swift,18.6,85.8,55
Kolkata,Petrol,Manual,First,5,3.6,4,wagon,20.51,67.04,4
Mumbai,Petrol,Manual,Third,5,2.65,11,swift,17.5,85.8,54
Delhi,Petrol,Manual,First,5,5.5,5,swift,17.5,85.8,58
Jaipur,Diesel,Manual,First,5,7.1,4,ciaz,28.09,88.5,83
Pune,Petrol,Manual,Second,5,4.41,5,swift,16.1,85.0,13
Delhi,Petrol,Manual,First,5,2.8,7,wagon,20.51,67.04,32
Chennai,Diesel,Manual,First,5,6.5,5,swift,25.2,74.0,23
Kochi,Petrol,Automatic,First,5,5.18,2,wagon,20.51,67.0,27
Pune,Petrol,Manual,Second,5,1.24,13,wagon,17.3,64.0,90
Delhi,Petrol,Manual,First,5,3.25,6,wagon,18.9,67.1,65
Kolkata,Petrol,Manual,First,5,1.5,5,omni,16.8,34.2,23
Kochi,Petrol,Manual,First,5,6.51,2,swift,20.85,83.14,10
Kolkata,Diesel,Manual,First,5,4.76,5,swift,19.3,73.9,40
Hyderabad,Diesel,Manual,First,5,5.75,7,swift,23.4,74.0,69
Kolkata,Petrol,Manual,First,5,3.0,6,wagon,20.51,67.04,23
Delhi,Diesel,Manual,First,5,5.25,6,swift,23.4,74.0,52
Kolkata,Petrol,Manual,First,5,5.9,5,ciaz,20.73,91.1,25
Chennai,Diesel,Manual,Second,5,2.0,13,swift,17.8,75.0,140
Jaipur,Petrol,Automatic,Second,5,4.25,4,celerio,23.1,67.04,30
Chennai,Petrol,Manual,Second,5,2.4,12,swift,16.1,88.2,86
Kolkata,Diesel,Manual,First,5,6.5,4,baleno,27.39,74.0,29
Mumbai,Petrol,Automatic,First,5,3.99,5,celerio,23.1,67.04,33
Kolkata,Diesel,Manual,First,5,3.5,6,swift,22.9,74.0,35
Jaipur,Petrol,Manual,First,5,3.78,8,swift,17.5,85.8,75
Delhi,Petrol,Manual,First,5,5.0,4,swift,20.4,81.8,30
Chennai,Diesel,Manual,First,7,7.0,8,ertiga,20.77,88.8,40
Delhi,Diesel,Manual,First,5,4.85,5,swift,26.59,74.0,37
Jaipur,Diesel,Manual,First,5,4.8,6,swift,25.2,74.0,71
Hyderabad,Petrol,Manual,Second,5,4.05,6,ritz,21.1,85.8,32
Hyderabad,Petrol,Manual,First,5,5.49,7,dzire,22.0,81.8,34
Jaipur,Diesel,Manual,First,5,5.7,5,swift,17.8,75.0,50
Mumbai,Petrol,Manual,First,5,3.65,4,ritz,18.5,85.8,12
Mumbai,Petrol,Manual,First,5,3.25,6,wagon,22.5,67.04,25
Mumbai,Diesel,Manual,First,7,9.25,2,ertiga,25.47,88.5,14
Hyderabad,Petrol,Manual,First,5,1.7,12,alto,19.7,46.3,66
Kochi,Petrol,Manual,First,5,2.87,10,a-star,19.0,66.1,55
Bangalore,Diesel,Manual,First,5,5.75,6,swift,23.4,74.0,29
Pune,Petrol,Manual,First,5,2.8,10,swift,22.0,81.8,68
Pune,Diesel,Manual,First,5,3.65,8,ritz,23.2,73.94,64
Jaipur,Diesel,Manual,Second,5,2.3,12,swift,19.3,73.9,78
Hyderabad,Diesel,Manual,First,5,5.95,4,swift,28.4,74.0,52
Kolkata,Petrol,Automatic,First,5,3.49,4,celerio,23.1,67.04,30
Jaipur,Diesel,Manual,First,5,3.75,7,ritz,23.2,73.94,65
Mumbai,Petrol,Manual,First,5,1.95,11,swift,16.1,88.2,53
Kochi,Diesel,Manual,First,5,5.36,5,swift,28.4,74.0,53
Delhi,Petrol,Manual,First,7,6.35,6,ertiga,16.02,93.7,17
Delhi,Diesel,Manual,First,5,7.9,3,vitara,24.3,88.5,40
Chennai,Diesel,Manual,First,5,5.95,4,swift,25.2,74.0,38
Jaipur,Diesel,Manual,First,5,6.9,4,ciaz,26.21,88.5,84
Hyderabad,Diesel,Manual,First,5,4.9,8,swift,22.9,74.0,80
Jaipur,Petrol,Manual,First,8,2.35,5,omni,16.8,34.2,15
Hyderabad,Petrol,Manual,First,5,2.9,3,omni,14.0,35.0,21
Kochi,Diesel,Manual,First,5,5.34,4,swift,25.2,74.0,45
Jaipur,Diesel,Manual,First,5,3.85,6,swift,25.2,74.0,105
Delhi,Diesel,Manual,First,7,6.75,4,ertiga,20.77,88.7,67
Mumbai,Petrol,Manual,First,5,1.46,11,zen,19.0,67.1,47
Mumbai,Diesel,Manual,Second,5,2.8,9,ritz,21.1,73.9,75
Mumbai,Petrol,Manual,First,5,2.45,11,swift,17.5,85.8,60
Mumbai,Petrol,Manual,First,5,5.49,4,baleno,21.4,83.1,8
Kochi,Diesel,Manual,First,5,9.51,3,vitara,24.3,88.5,35
Hyderabad,Diesel,Manual,First,5,5.8,7,swift,19.3,73.9,83
Coimbatore,Petrol,Manual,First,5,6.69,6,swift,19.1,85.8,57
Jaipur,Petrol,Manual,First,8,1.55,8,omni,19.7,35.0,65
Chennai,Petrol,Manual,First,5,2.45,5,alto,22.74,47.3,63
Kolkata,Petrol,Manual,First,5,4.0,5,swift,20.85,83.14,107
Hyderabad,Diesel,Manual,First,5,3.9,7,ritz,21.1,73.9,85
Pune,Diesel,Manual,Third,5,2.25,8,dzire,28.4,73.75,150
Pune,Petrol,Manual,Second,5,2.0,14,wagon,18.9,67.1,52
Chennai,Petrol,Manual,First,5,3.45,6,wagon,22.5,67.04,52
Kolkata,Diesel,Manual,First,5,4.5,7,swift,23.4,74.0,43
Delhi,Diesel,Manual,First,5,4.3,6,swift,22.9,74.0,50
Kochi,Diesel,Manual,First,7,6.91,5,ertiga,20.77,88.76,58
Jaipur,Diesel,Manual,Second,5,4.0,10,swift,19.3,73.9,130
Hyderabad,Diesel,Manual,First,5,3.65,9,ritz,23.2,73.94,79
Delhi,Petrol,Manual,First,5,4.15,5,swift,18.6,85.8,62
Hyderabad,Petrol,Manual,First,5,2.25,12,a-star,19.0,66.1,51
Ahmedabad,Diesel,Manual,First,5,4.65,7,dzire,28.4,73.75,56
Kolkata,Petrol,Manual,First,5,3.15,7,swift,18.6,85.8,60
Chennai,Diesel,Manual,First,5,4.5,8,swift,22.9,74.0,63
Mumbai,Petrol,Manual,First,5,4.31,4,swift,20.4,81.8,29
Delhi,Petrol,Manual,First,5,6.9,4,baleno,21.4,83.1,17
Jaipur,Diesel,Manual,First,5,5.25,6,swift,23.4,74.0,75
Kochi,Diesel,Manual,First,5,4.38,5,ritz,23.2,73.94,57
Kochi,Diesel,Manual,First,5,7.9,4,ciaz,28.09,88.5,40
Coimbatore,Petrol,Automatic,First,5,7.29,2,baleno,21.4,83.1,34
Jaipur,Petrol,Manual,First,5,1.5,11,alto,19.7,46.3,63
Kochi,Diesel,Manual,First,5,4.94,5,swift,22.9,74.0,46
Kochi,Diesel,Manual,First,5,4.17,7,swift,22.9,74.0,56
Delhi,Petrol,Manual,Second,5,2.45,10,swift,17.5,85.8,72
Coimbatore,Petrol,Automatic,First,5,8.89,3,ciaz,19.12,91.1,51
Jaipur,Diesel,Manual,First,7,7.0,6,ertiga,20.77,88.8,57
Hyderabad,Petrol,Manual,First,5,2.95,4,alto,22.74,47.3,9
Pune,Diesel,Manual,First,7,4.5,8,ertiga,20.77,88.76,168
Hyderabad,Diesel,Manual,First,7,8.75,4,ertiga,20.77,88.8,85
Jaipur,Petrol,Manual,First,5,1.6,8,omni,16.8,34.2,126
Ahmedabad,Diesel,Manual,First,5,6.25,5,ciaz,28.09,88.5,52
Coimbatore,Petrol,Manual,First,5,6.14,4,ritz,18.5,85.8,22
Pune,Diesel,Manual,First,5,4.25,3,swift,26.59,74.0,57
Coimbatore,Petrol,Automatic,First,5,6.93,3,swift,18.5,83.14,46
Chennai,Petrol,Automatic,First,5,3.5,5,celerio,23.1,67.04,55
Pune,Petrol,Manual,First,5,2.0,10,wagon,18.9,67.1,71
Pune,Petrol,Manual,First,5,2.4,8,alto,20.92,67.1,12
Pune,Diesel,Manual,Fourth & Above,5,2.15,11,swift,17.8,75.0,80
Kochi,Diesel,Manual,First,5,8.61,3,vitara,24.3,88.5,35
Pune,Petrol,Manual,First,5,3.11,3,alto,22.74,47.3,38
Kochi,Diesel,Manual,First,5,5.63,4,swift,25.2,74.0,67
Delhi,Petrol,Manual,First,5,2.15,5,alto,22.74,47.3,61
Kolkata,Petrol,Manual,First,5,4.95,4,swift,20.4,81.8,34
Coimbatore,Diesel,Manual,First,5,10.15,2,vitara,24.3,88.5,52
Kolkata,Petrol,Manual,First,5,3.99,6,swift,19.1,85.8,33
Hyderabad,Diesel,Manual,First,5,3.5,10,ritz,21.1,73.9,110
Pune,Petrol,Manual,First,5,2.3,10,wagon,18.9,67.1,91
Jaipur,Diesel,Manual,First,7,8.7,4,ertiga,24.52,88.5,50
Jaipur,Diesel,Manual,First,5,4.25,8,swift,22.9,74.0,80
Kolkata,Petrol,Manual,First,5,2.01,7,alto,24.7,47.3,24
Kolkata,Petrol,Manual,First,5,2.35,8,wagon,18.9,67.1,40
Jaipur,Diesel,Manual,First,5,5.1,5,swift,28.4,74.0,63
Ahmedabad,Petrol,Manual,First,5,3.91,8,swift,18.6,85.8,48
Pune,Petrol,Manual,First,5,2.85,10,swift,16.1,88.2,75
Bangalore,Diesel,Manual,First,7,8.75,5,ertiga,20.77,88.8,74
Kolkata,Petrol,Automatic,First,5,5.74,4,baleno,21.4,83.1,20
Hyderabad,Petrol,Manual,First,5,3.3,10,swift,16.1,85.0,71
Chennai,Diesel,Automatic,First,5,8.9,3,dzire,28.4,73.75,19
Delhi,Diesel,Manual,First,7,5.99,6,ertiga,20.77,88.76,54
Delhi,Diesel,Manual,First,7,6.5,6,ertiga,20.77,88.8,22
Jaipur,Petrol,Manual,First,5,2.75,5,alto,22.74,47.3,50
Kolkata,Diesel,Manual,First,5,3.96,6,swift,23.4,74.0,38
Chennai,Diesel,Manual,First,7,8.25,5,ertiga,20.77,88.8,40
Hyderabad,Petrol,Manual,First,5,1.75,13,alto,19.7,46.3,52
Hyderabad,Diesel,Manual,First,5,7.95,5,swift,26.59,74.0,62
Kochi,Petrol,Automatic,First,5,7.54,2,baleno,21.4,83.1,25
Bangalore,Diesel,Manual,First,5,3.65,4,ritz,23.2,73.94,120
Hyderabad,Diesel,Manual,First,7,8.3,4,ertiga,24.52,88.5,112
Coimbatore,Petrol,Manual,First,7,4.3,4,eeco,15.1,73.0,42
Ahmedabad,Diesel,Manual,First,5,3.9,8,swift,22.9,74.0,65
Pune,Petrol,Automatic,First,5,6.41,4,baleno,21.4,83.1,27
Chennai,Diesel,Manual,First,5,5.9,4,swift,25.2,74.0,49
Mumbai,Petrol,Manual,Second,5,1.05,14,wagon,18.9,67.1,141
Chennai,Diesel,Manual,First,5,4.5,4,swift,26.59,74.0,91
Chennai,Petrol,Manual,First,5,2.45,5,alto,24.7,47.3,63
Kolkata,Diesel,Manual,First,5,3.0,3,swift,26.59,74.0,60
Ahmedabad,Diesel,Manual,First,5,9.25,3,vitara,24.3,88.5,33
Coimbatore,Petrol,Automatic,First,5,5.25,3,celerio,23.1,67.04,35
Hyderabad,Petrol,Manual,First,5,2.9,3,omni,14.0,35.0,24
Hyderabad,Petrol,Manual,First,5,2.36,5,alto,22.74,47.3,24
Delhi,Diesel,Manual,First,5,8.0,4,vitara,24.3,88.5,35
Hyderabad,Petrol,Manual,First,5,2.15,11,alto,19.7,46.3,65
Mumbai,Petrol,Manual,First,5,3.25,3,alto,24.07,67.1,12
Pune,Petrol,Automatic,First,5,4.25,4,celerio,23.1,67.04,38
Pune,Petrol,Manual,First,5,5.3,4,swift,19.1,85.8,32
Chennai,Petrol,Manual,First,5,6.95,3,baleno,21.1,100.0,46
Kochi,Petrol,Manual,First,5,4.11,5,wagon,21.5,81.8,49
Pune,Diesel,Manual,First,5,4.5,6,swift,28.4,74.0,115
Kochi,Petrol,Manual,Second,5,2.47,8,alto,19.7,46.3,14
Kochi,Petrol,Manual,First,5,8.32,2,baleno,21.1,100.0,18
Pune,Diesel,Manual,Second,7,5.9,8,ertiga,20.77,88.76,105
Chennai,Petrol,Manual,First,5,2.15,9,alto,24.07,67.1,28
Kolkata,Petrol,Manual,First,5,3.5,4,wagon,20.51,67.04,12
Pune,Diesel,Manual,First,5,3.15,10,swift,19.3,73.9,105
Kochi,Petrol,Manual,First,5,3.87,5,wagon,18.9,67.1,50
Kolkata,Petrol,Manual,First,5,3.0,3,wagon,20.51,67.04,8
Pune,Diesel,Automatic,First,5,7.65,4,dzire,26.59,74.0,30
Hyderabad,Diesel,Manual,First,7,9.9,4,ertiga,25.47,88.5,42
Hyderabad,Petrol,Manual,First,5,1.95,10,alto,19.7,46.3,94
Delhi,Petrol,Manual,First,5,2.6,8,wagon,18.9,67.1,68
Hyderabad,Diesel,Manual,First,5,3.85,10,ritz,21.1,73.9,75
Jaipur,Diesel,Manual,First,5,5.31,6,swift,19.3,73.9,65
Kochi,Petrol,Manual,First,5,7.35,4,ciaz,20.73,91.1,43
Chennai,Diesel,Manual,First,5,4.25,4,swift,23.4,74.0,75
Kolkata,Petrol,Manual,First,5,1.1,12,alto,19.7,46.3,38
Chennai,Petrol,Manual,First,5,4.3,5,celerio,23.1,67.04,57
Hyderabad,Diesel,Manual,First,5,4.25,12,swift,17.8,75.0,76
Pune,Petrol,Manual,First,7,5.5,7,ertiga,16.02,93.7,82
Jaipur,Diesel,Manual,First,5,4.95,7,dzire,28.4,73.75,77
Hyderabad,Diesel,Manual,First,5,3.85,10,swift,19.3,73.9,130
Ahmedabad,Petrol,Manual,First,7,5.75,8,ertiga,16.02,93.7,28
Kolkata,Petrol,Manual,First,5,3.99,6,swift,19.1,85.8,45
Mumbai,Diesel,Manual,First,5,8.7,2,baleno,27.39,74.0,2
Kolkata,Diesel,Manual,First,5,1.89,9,ritz,21.1,73.9,35
Kolkata,Diesel,Manual,First,5,4.0,5,swift,23.4,74.0,168
Hyderabad,Diesel,Manual,First,7,7.85,5,ertiga,24.52,88.5,93
Mumbai,Petrol,Manual,First,5,3.75,8,swift,17.5,85.8,15
Mumbai,Petrol,Manual,First,5,2.7,10,wagon,18.9,67.1,19
Pune,Petrol,Manual,First,5,3.0,4,alto,24.07,67.1,7
Hyderabad,Diesel,Manual,First,5,6.0,4,swift,26.59,74.0,30
Mumbai,Diesel,Manual,First,5,7.65,4,ciaz,28.09,88.5,38
Pune,Petrol,Manual,First,5,1.25,14,zen,17.3,60.0,67
Jaipur,Diesel,Manual,First,5,7.4,5,ciaz,26.21,88.5,65
Pune,Petrol,Automatic,First,5,4.2,4,celerio,23.1,67.04,64
Kochi,Petrol,Automatic,First,5,6.9,5,ciaz,19.12,91.1,50
Pune,Petrol,Manual,Second,5,3.6,6,swift,20.4,81.8,42
Pune,Petrol,Manual,First,5,1.3,9,swift,16.1,88.2,70
Mumbai,Petrol,Manual,First,5,2.1,10,wagon,18.9,67.1,70
Jaipur,Diesel,Manual,First,5,5.35,6,swift,23.4,74.0,61
Hyderabad,Petrol,Manual,First,5,2.7,9,a-star,19.0,66.1,53
Chennai,Petrol,Manual,First,5,1.5,14,alto,19.7,46.3,68
Hyderabad,Diesel,Manual,First,5,5.2,7,swift,22.9,74.0,73
Kolkata,Petrol,Manual,First,5,2.5,9,ritz,18.5,85.8,150
Kolkata,Diesel,Manual,First,5,3.85,7,swift,25.2,74.0,115
Chennai,Diesel,Manual,First,5,3.45,10,swift,17.8,75.0,84
Jaipur,Petrol,Manual,First,5,3.2,4,alto,24.07,67.1,51
Delhi,Petrol,Manual,First,5,2.0,10,a-star,19.0,66.1,70
Kochi,Diesel,Manual,First,5,4.27,5,ritz,23.2,73.94,35
Chennai,Petrol,Automatic,First,5,3.95,6,celerio,23.1,67.04,18
Coimbatore,Petrol,Automatic,First,5,4.88,5,celerio,23.1,67.04,59
Mumbai,Petrol,Manual,First,5,6.55,5,ciaz,20.73,91.1,30
Mumbai,Petrol,Manual,Second,5,2.15,12,swift,20.4,81.8,69
Coimbatore,Petrol,Manual,First,5,8.61,2,baleno,21.1,100.0,26
Pune,Petrol,Automatic,First,5,4.7,3,celerio,23.1,67.04,20
Delhi,Diesel,Manual,Second,5,5.5,5,ciaz,26.21,88.5,46
Pune,Petrol,Manual,First,5,3.35,5,wagon,18.9,67.1,25
Hyderabad,Diesel,Manual,First,5,8.5,3,baleno,27.39,74.0,20
Mumbai,Petrol,Manual,First,5,5.95,5,ciaz,20.73,91.1,51
Pune,Petrol,Manual,First,5,3.41,6,wagon,22.5,67.04,38
Hyderabad,Petrol,Manual,Second,5,1.8,11,alto,19.7,46.3,85
Chennai,Petrol,Manual,First,5,6.25,3,swift,20.85,83.14,28
Mumbai,Petrol,Manual,First,5,3.75,6,celerio,23.1,67.04,21
Pune,Petrol,Manual,First,5,3.0,7,wagon,20.51,67.04,32
Kochi,Diesel,Manual,First,5,6.67,3,dzire,28.4,73.75,54
Bangalore,Diesel,Manual,First,5,4.5,8,swift,17.8,75.0,62
Hyderabad,Diesel,Manual,First,5,5.4,6,swift,19.3,73.9,123
Delhi,Petrol,Manual,First,5,3.5,5,wagon,20.51,67.04,13
Kolkata,Petrol,Manual,First,5,4.5,2,wagon,20.51,67.04,10
Kochi,Petrol,Manual,First,5,5.2,3,celerio,23.1,67.04,3
Delhi,Petrol,Manual,First,5,3.9,6,swift,19.1,85.8,56
Kolkata,Petrol,Manual,First,5,2.25,9,wagon,18.9,67.1,34
Chennai,Diesel,Manual,First,5,2.95,11,ritz,23.2,73.94,83
Kochi,Petrol,Manual,First,5,6.37,3,baleno,21.4,83.1,15
Coimbatore,Petrol,Manual,First,5,4.44,3,eeco,15.1,73.0,22
Chennai,Diesel,Manual,Second,7,8.2,4,ertiga,25.47,88.5,86
Mumbai,Petrol,Manual,First,5,6.99,3,baleno,21.1,100.0,16
Coimbatore,Petrol,Manual,First,5,6.39,4,swift,20.4,81.8,57
Jaipur,Petrol,Manual,First,5,2.75,5,alto,22.74,47.3,25
Coimbatore,Petrol,Manual,First,5,4.65,5,wagon,18.9,67.1,43
Kochi,Petrol,Manual,First,5,2.93,6,alto,24.07,67.1,51
Pune,Petrol,Manual,First,5,1.75,12,wagon,14.0,64.0,82
Hyderabad,Petrol,Manual,First,5,2.6,9,zen,19.0,67.1,61
Jaipur,Petrol,Automatic,First,5,4.35,3,wagon,20.51,67.0,34
Jaipur,Petrol,Manual,First,5,2.5,9,wagon,18.9,67.1,80
Kolkata,Petrol,Manual,First,5,2.61,4,alto,24.7,47.3,31
Bangalore,Diesel,Manual,First,5,6.1,6,swift,22.9,74.0,98
Mumbai,Petrol,Manual,First,5,1.5,10,alto,19.7,46.3,66
Jaipur,Diesel,Manual,Second,5,3.2,9,swift,22.9,74.0,120
Kochi,Petrol,Manual,First,5,5.53,2,celerio,23.1,67.04,31
Pune,Petrol,Automatic,First,5,4.25,5,celerio,23.1,67.04,26
Kolkata,Diesel,Manual,First,7,5.85,6,ertiga,20.77,88.76,45
Mumbai,Petrol,Automatic,First,5,4.45,2,wagon,22.5,67.0,1
Pune,Diesel,Manual,First,5,8.85,4,vitara,24.3,88.5,47
Chennai,Diesel,Manual,First,5,4.8,8,swift,22.9,74.0,65
Coimbatore,Diesel,Manual,First,7,7.56,6,ertiga,25.47,88.5,53
Hyderabad,Petrol,Automatic,First,5,5.5,4,wagon,20.51,67.0,35
Coimbatore,Diesel,Manual,First,5,8.4,1,swift,28.4,74.0,41
Mumbai,Petrol,Manual,First,5,5.55,4,swift,20.4,81.8,19
Bangalore,Diesel,Manual,First,5,7.75,4,ciaz,28.09,88.5,23
Ahmedabad,Petrol,Manual,First,5,7.75,2,swift,22.0,81.8,2
Delhi,Diesel,Manual,First,5,5.21,6,swift,25.2,74.0,24
Pune,Petrol,Manual,First,5,2.0,9,zen,19.0,67.1,20
Mumbai,Petrol,Automatic,First,5,6.95,5,ciaz,19.12,91.1,50
Coimbatore,Diesel,Manual,First,5,7.67,4,ciaz,28.09,88.5,54
Coimbatore,Petrol,Manual,First,5,7.19,4,ciaz,20.73,91.1,60
Delhi,Diesel,Manual,First,5,5.95,5,baleno,27.39,74.0,54
Delhi,Petrol,Manual,First,5,1.2,12,zen,18.2,64.0,138
Hyderabad,Petrol,Manual,First,5,4.3,7,ritz,21.1,85.8,80
Kolkata,Diesel,Manual,First,7,5.2,8,ertiga,20.77,88.8,38
Chennai,Diesel,Automatic,First,5,6.75,1,swift,26.59,74.0,65
Mumbai,Petrol,Manual,First,5,2.45,10,wagon,22.5,67.04,12
Kochi,Petrol,Manual,First,5,3.04,4,alto,22.74,47.3,51
Kolkata,Petrol,Manual,First,5,2.44,4,alto,22.74,47.3,24
Jaipur,Petrol,Manual,First,5,3.5,1,alto,24.7,47.3,3
Ahmedabad,Petrol,Manual,First,5,1.65,13,zen,18.2,64.0,75
Jaipur,Diesel,Manual,Second,5,4.35,7,swift,22.9,74.0,92
Delhi,Petrol,Manual,First,5,1.11,13,zen,18.2,67.1,64
Pune,Petrol,Automatic,First,5,3.9,5,celerio,23.1,67.04,50
Hyderabad,Petrol,Automatic,First,5,4.3,6,celerio,23.1,67.04,44
Chennai,Petrol,Manual,First,5,2.9,11,swift,16.1,88.2,68
Jaipur,Petrol,Manual,First,5,4.5,3,wagon,22.5,67.04,39
Pune,Petrol,Automatic,First,5,7.25,3,baleno,21.4,83.1,33
Kolkata,Petrol,Manual,First,5,2.75,3,alto,22.74,47.3,2
Kochi,Diesel,Automatic,First,5,8.55,2,dzire,28.4,73.75,64
Coimbatore,Diesel,Manual,First,5,3.77,9,ritz,23.2,73.94,88
Kochi,Petrol,Manual,First,5,4.16,7,swift,19.1,85.8,59
Chennai,Petrol,Manual,First,7,3.75,4,eeco,15.1,73.0,55
Kolkata,Petrol,Automatic,First,5,3.95,3,wagon,22.5,67.0,17
Kolkata,Petrol,Manual,First,5,1.35,10,a-star,19.0,66.1,60
Chennai,Petrol,Automatic,First,5,4.25,3,alto,24.07,67.1,5
Coimbatore,Petrol,Manual,First,5,6.17,4,ritz,21.1,85.8,40
Hyderabad,Diesel,Manual,First,5,7.95,3,swift,26.59,74.0,22
Hyderabad,Petrol,Manual,Second,5,4.5,5,celerio,23.1,67.04,47
Chennai,Petrol,Manual,First,5,2.9,4,alto,24.7,47.3,61
Mumbai,Petrol,Manual,First,5,3.16,6,wagon,22.5,67.04,43
Delhi,Petrol,Manual,First,5,3.0,4,alto,24.07,67.1,35
Ahmedabad,Diesel,Manual,First,5,6.0,5,ciaz,28.09,88.5,59
Bangalore,Diesel,Manual,First,5,9.75,3,vitara,24.3,88.5,45
Kolkata,Diesel,Manual,First,5,3.55,5,swift,25.2,74.0,45
Hyderabad,Petrol,Manual,Second,5,1.2,14,zen,17.3,60.0,80
Kolkata,Diesel,Manual,First,5,4.0,4,swift,26.59,74.0,85
Jaipur,Diesel,Manual,First,5,4.33,7,swift,22.9,74.0,88
Pune,Diesel,Manual,Second,5,2.49,11,swift,17.8,75.0,140
Jaipur,Diesel,Manual,First,5,4.5,5,swift,25.2,74.0,130
Hyderabad,Petrol,Automatic,First,5,3.75,6,celerio,23.1,67.04,46
Hyderabad,Petrol,Manual,First,5,4.4,9,swift,18.6,85.8,53
Ahmedabad,Petrol,Manual,First,7,5.35,8,ertiga,16.02,93.7,25
Pune,Diesel,Manual,First,7,7.64,4,ertiga,25.47,88.5,54
Hyderabad,Petrol,Manual,First,5,2.4,9,alto,19.7,46.3,28
Mumbai,Petrol,Automatic,First,5,4.25,4,wagon,20.51,67.0,9
Bangalore,Petrol,Manual,First,5,2.39,9,alto,19.7,46.3,64
Delhi,Petrol,Manual,First,5,6.21,4,baleno,21.4,83.1,21
Mumbai,Diesel,Manual,First,5,4.65,7,swift,22.9,74.0,35
Jaipur,Petrol,Manual,First,5,1.11,14,wagon,18.9,67.1,110
Coimbatore,Petrol,Manual,First,5,4.12,4,alto,22.74,47.3,18
Ahmedabad,Diesel,Manual,First,5,5.9,5,swift,26.59,74.0,69
Pune,Petrol,Manual,First,5,2.5,7,alto,22.74,47.3,30
Hyderabad,Diesel,Manual,First,7,9.75,3,ertiga,24.52,88.5,17
Delhi,Petrol,Manual,First,5,2.5,9,wagon,18.9,67.1,68
Ahmedabad,Petrol,Manual,First,5,6.25,4,baleno,21.4,83.1,30
Kochi,Petrol,Manual,First,5,3.01,5,alto,22.74,47.3,21
Kochi,Diesel,Manual,First,5,9.48,2,ciaz,28.09,88.5,39
Kolkata,Diesel,Manual,First,5,5.5,5,ciaz,28.09,88.5,34
Mumbai,Petrol,Manual,First,7,6.25,6,ertiga,16.02,93.7,69
Kolkata,Diesel,Manual,First,5,3.9,6,swift,22.9,74.0,47
Hyderabad,Petrol,Manual,First,5,1.75,13,alto,19.7,46.3,52
Chennai,Diesel,Manual,First,5,6.5,5,ciaz,26.21,88.5,90
Hyderabad,Diesel,Manual,First,5,9.4,2,vitara,24.3,88.5,11
Pune,Diesel,Manual,First,5,4.5,8,swift,22.9,74.0,94
Kochi,Petrol,Manual,First,5,3.46,5,alto,24.07,67.1,23
Kolkata,Diesel,Manual,First,5,3.95,6,swift,22.9,74.0,25
Bangalore,Petrol,Manual,Second,5,3.1,11,swift,17.5,85.8,65
Mumbai,Petrol,Manual,First,5,1.1,12,alto,19.7,46.3,54
Hyderabad,Petrol,Manual,First,5,3.9,6,celerio,23.1,67.04,58
Kolkata,Petrol,Manual,First,5,2.8,6,wagon,21.5,81.8,37
Mumbai,Diesel,Manual,First,5,8.75,4,ciaz,26.21,88.5,29
Ahmedabad,Petrol,Manual,First,5,4.5,5,swift,20.4,81.8,36
Hyderabad,Petrol,Manual,First,5,2.65,7,alto,20.92,67.1,30
Hyderabad,Petrol,Manual,First,5,3.3,3,alto,24.7,47.3,2
Chennai,Diesel,Manual,Second,5,3.1,12,swift,17.8,75.0,107
Chennai,Petrol,Manual,First,5,6.95,4,baleno,21.4,83.1,16
Mumbai,Petrol,Manual,First,5,4.5,6,swift,19.1,85.8,48
Kochi,Petrol,Manual,First,5,3.01,6,wagon,22.5,67.04,52
Kochi,Diesel,Manual,First,5,10.19,2,vitara,24.3,88.5,57
Hyderabad,Diesel,Manual,First,5,5.69,6,swift,26.59,74.0,81
Hyderabad,Diesel,Manual,First,5,8.4,3,baleno,27.39,74.0,24
Pune,Petrol,Automatic,First,5,4.25,4,celerio,23.1,67.04,36
Mumbai,Petrol,Automatic,First,5,8.85,2,baleno,21.4,83.1,3
Jaipur,Diesel,Manual,First,5,5.25,5,swift,23.4,74.0,58
Coimbatore,Diesel,Automatic,First,5,8.37,2,dzire,28.4,73.75,25
Jaipur,Diesel,Manual,Second,5,3.9,8,swift,22.9,74.0,160
Bangalore,Diesel,Manual,Second,5,3.0,12,swift,17.8,75.0,100
Jaipur,Petrol,Manual,First,5,1.5,9,alto,19.7,46.3,100
Bangalore,Petrol,Manual,Second,5,2.85,14,swift,20.4,81.8,80
Jaipur,Petrol,Manual,Second,5,2.42,6,alto,22.74,47.3,45
Coimbatore,Petrol,Automatic,First,5,8.3,1,dzire,22.0,81.8,8
Jaipur,Diesel,Manual,First,5,2.9,10,swift,17.8,75.0,152
Kolkata,Diesel,Manual,First,5,4.7,5,swift,26.59,74.0,36
Coimbatore,Petrol,Manual,First,5,7.11,4,ciaz,20.73,91.1,41
Hyderabad,Petrol,Manual,First,5,2.2,9,alto,20.92,67.1,81
Kochi,Petrol,Manual,First,5,5.65,2,swift,16.1,88.2,14
Pune,Diesel,Manual,First,5,3.6,5,swift,26.59,74.0,131
Kolkata,Diesel,Manual,First,5,5.5,5,swift,26.59,74.0,43
Chennai,Diesel,Manual,First,5,4.35,7,swift,25.2,74.0,87
Kochi,Diesel,Manual,First,5,7.48,2,baleno,27.39,74.0,42
Jaipur,Diesel,Manual,First,5,3.5,9,swift,19.3,73.9,110
Pune,Diesel,Manual,First,5,7.25,4,vitara,24.3,88.5,31
Kolkata,Diesel,Manual,First,5,4.25,6,swift,23.4,74.0,42
Hyderabad,Petrol,Manual,First,5,2.49,7,alto,22.74,47.3,30
Delhi,Diesel,Manual,First,5,2.69,7,swift,23.4,74.0,72
Kochi,Diesel,Manual,First,5,8.39,2,vitara,24.3,88.5,32
Kolkata,Diesel,Manual,First,5,7.5,3,swift,26.59,74.0,14
Chennai,Diesel,Manual,First,5,4.8,8,swift,22.9,74.0,58
Ahmedabad,Diesel,Manual,First,5,3.6,5,celerio,27.62,47.0,42
Ahmedabad,Diesel,Manual,First,5,3.6,5,celerio,27.62,47.0,42
Coimbatore,Diesel,Manual,First,5,9.05,3,vitara,24.3,88.5,58
Pune,Petrol,Manual,First,5,4.25,7,swift,17.5,85.8,55
Kolkata,Petrol,Manual,First,5,3.75,2,celerio,23.1,67.04,30
Coimbatore,Diesel,Manual,First,5,9.88,3,vitara,24.3,88.5,21
Kolkata,Diesel,Manual,First,5,2.19,11,swift,19.3,73.9,34
Hyderabad,Diesel,Manual,First,5,5.5,7,dzire,28.4,73.75,68
Pune,Petrol,Manual,First,5,2.1,6,alto,24.07,67.1,17
Hyderabad,Petrol,Manual,First,5,5.3,6,swift,20.4,81.8,61
Delhi,Petrol,Manual,First,5,2.65,4,alto,24.7,47.3,35
Coimbatore,Petrol,Manual,First,5,2.81,8,alto,20.92,67.1,65
Mumbai,Petrol,Manual,First,5,3.3,8,swift,16.1,85.0,61
Kochi,Petrol,Manual,First,5,5.34,1,wagon,22.5,67.04,31
Coimbatore,Petrol,Manual,First,5,4.06,9,ritz,18.5,85.8,50
Pune,Petrol,Manual,First,5,2.95,10,swift,16.1,88.2,90
Kolkata,Petrol,Manual,First,5,1.09,12,alto,19.7,46.3,42
Jaipur,Petrol,Automatic,First,5,3.9,3,alto,24.07,67.1,18
Delhi,Diesel,Manual,First,5,3.95,8,swift,19.3,73.9,71
Delhi,Petrol,Manual,First,5,3.38,6,celerio,23.1,67.04,21
Hyderabad,Diesel,Manual,First,5,5.85,6,swift,25.2,74.0,89
Hyderabad,Petrol,Manual,First,5,2.5,10,a-star,19.0,66.1,68
Pune,Petrol,Manual,First,5,3.95,7,swift,18.6,85.8,52
Bangalore,Petrol,Manual,Second,7,6.75,6,ertiga,16.02,93.7,68
Jaipur,Petrol,Manual,Second,5,1.5,13,wagon,18.9,67.1,71
Kolkata,Petrol,Manual,First,5,3.0,4,alto,24.7,47.3,4
Chennai,Diesel,Manual,First,5,6.5,4,swift,26.59,74.0,71
Coimbatore,Petrol,Manual,First,5,3.41,12,swift,20.4,83.11,50
Chennai,Petrol,Automatic,First,5,3.5,5,alto,24.07,67.1,25
Pune,Diesel,Manual,First,7,7.25,6,ertiga,20.77,88.76,71
Mumbai,Petrol,Automatic,First,5,4.35,4,celerio,23.1,67.04,7
Mumbai,Diesel,Manual,First,7,6.55,7,ertiga,20.77,88.8,75
Hyderabad,Diesel,Manual,First,5,4.9,5,ritz,23.2,73.94,75
Delhi,Petrol,Manual,Second,5,2.65,9,swift,17.5,85.8,69
Ahmedabad,Diesel,Manual,First,5,4.15,7,swift,22.9,74.0,60
Hyderabad,Diesel,Manual,First,5,4.35,6,ritz,23.2,73.94,60
Pune,Diesel,Manual,First,5,8.9,4,vitara,24.3,88.5,85
Kochi,Petrol,Manual,First,5,3.69,5,alto,24.07,67.1,37
Hyderabad,Diesel,Manual,First,5,6.3,5,swift,28.4,74.0,62
Kochi,Petrol,Automatic,First,5,5.63,2,celerio,23.1,67.04,12
Kochi,Petrol,Manual,First,5,4.11,5,celerio,23.1,67.04,60
Jaipur,Petrol,Manual,First,5,3.1,3,alto,22.74,47.3,30
Mumbai,Petrol,Manual,Second,7,5.15,8,ertiga,17.5,91.1,25
Hyderabad,Petrol,Manual,First,5,4.9,3,celerio,23.1,67.04,17
Kochi,Petrol,Manual,First,5,8.15,2,baleno,21.1,100.0,43
Kochi,Petrol,Manual,First,5,7.09,4,ciaz,20.73,91.2,25
Coimbatore,Diesel,Manual,First,5,6.46,7,swift,19.3,73.9,38
Mumbai,Petrol,Manual,Second,5,1.1,13,wagon,17.3,64.0,50
Delhi,Petrol,Manual,First,5,6.6,2,baleno,21.4,83.1,13
Pune,Petrol,Manual,First,5,4.5,7,dzire,22.0,81.8,74
Mumbai,Petrol,Manual,First,7,2.9,6,eeco,15.1,73.0,34
Kochi,Diesel,Manual,First,5,5.48,4,swift,22.9,74.0,65
Hyderabad,Petrol,Manual,First,5,3.0,8,swift,17.5,85.8,50
Bangalore,Petrol,Manual,First,5,4.3,5,celerio,23.1,67.04,48
Pune,Diesel,Manual,Second,7,6.11,8,ertiga,20.77,88.76,63
Bangalore,Petrol,Manual,First,5,4.69,8,swift,19.1,85.8,69
Kochi,Petrol,Manual,First,5,3.19,9,ritz,18.5,85.8,33
Mumbai,Petrol,Manual,First,5,3.35,2,alto,24.7,47.3,11
Mumbai,Petrol,Manual,First,5,5.85,5,ciaz,20.73,91.1,41
Hyderabad,Petrol,Automatic,First,5,3.45,7,a-star,16.98,66.1,56
Chennai,Diesel,Manual,First,5,5.25,6,swift,22.9,74.0,75
Hyderabad,Diesel,Manual,First,5,5.6,3,swift,23.4,74.0,44
Jaipur,Diesel,Manual,First,5,5.15,5,swift,28.4,74.0,39
Hyderabad,Petrol,Manual,First,5,3.8,11,swift,17.5,85.8,71
Mumbai,Petrol,Manual,First,5,6.35,5,ciaz,20.73,91.1,48
Delhi,Petrol,Manual,First,5,6.75,3,baleno,21.4,83.1,10
Kochi,Diesel,Manual,First,7,8.49,2,ertiga,25.47,88.5,51
Coimbatore,Diesel,Manual,First,5,5.59,5,ritz,23.2,73.94,42
Coimbatore,Petrol,Manual,First,5,8.76,2,ciaz,20.73,91.1,7
Chennai,Petrol,Automatic,First,5,5.5,3,dzire,22.0,81.8,42
Hyderabad,Diesel,Manual,First,5,5.5,6,swift,25.2,74.0,108
Delhi,Petrol,Automatic,First,5,4.25,4,wagon,22.5,67.0,30
Delhi,Diesel,Manual,First,5,8.25,4,vitara,24.3,88.5,22
Mumbai,Petrol,Automatic,First,5,3.65,5,wagon,21.5,81.8,26
Chennai,Petrol,Manual,First,5,2.0,14,wagon,18.9,67.1,40
Ahmedabad,Diesel,Manual,First,5,2.75,10,swift,19.3,73.9,83
Jaipur,Petrol,Manual,First,5,3.85,3,wagon,22.5,67.04,35
Mumbai,Petrol,Manual,First,5,1.9,10,zen,18.2,64.0,23
Coimbatore,Petrol,Automatic,First,5,4.56,2,alto,24.07,67.1,31
Delhi,Petrol,Manual,First,5,3.25,6,celerio,23.1,67.04,48
Hyderabad,Diesel,Manual,First,5,2.95,9,ritz,21.1,73.9,127
Hyderabad,Petrol,Manual,First,5,2.7,8,zen,18.2,67.1,59
Mumbai,Diesel,Manual,Second,5,4.5,8,swift,23.4,74.0,80
Pune,Diesel,Manual,Second,5,5.25,6,swift,28.4,74.0,103
Pune,Diesel,Manual,First,5,6.0,3,dzire,28.4,73.75,48
Jaipur,Petrol,Manual,First,5,3.0,4,alto,24.07,67.1,35
Jaipur,Diesel,Manual,First,5,4.25,8,swift,19.3,73.9,72
Pune,Diesel,Manual,First,7,6.6,7,ertiga,20.77,88.76,43
Jaipur,Diesel,Manual,First,5,5.95,5,swift,23.4,74.0,68
Delhi,Petrol,Manual,Second,5,2.0,10,ritz,21.1,85.8,75
Kochi,Diesel,Manual,Second,5,7.97,2,ciaz,28.09,88.5,17
Hyderabad,Diesel,Manual,First,5,7.9,4,ciaz,28.09,88.5,62
Hyderabad,Petrol,Automatic,First,5,4.55,6,celerio,23.1,67.04,24
Hyderabad,Diesel,Manual,Second,5,7.4,5,ciaz,26.21,88.5,47
Delhi,Diesel,Manual,Second,5,4.5,5,swift,26.59,74.0,40
Mumbai,Petrol,Automatic,First,5,6.25,1,wagon,21.5,81.8,0
Delhi,Petrol,Manual,Second,5,1.0,14,wagon,18.9,67.1,86
Kolkata,Diesel,Manual,Second,5,2.5,7,swift,23.4,74.0,160
Chennai,Petrol,Automatic,First,5,7.0,4,baleno,21.4,83.1,35
Hyderabad,Diesel,Manual,First,5,6.85,5,swift,26.59,74.0,59
Jaipur,Diesel,Manual,First,5,5.65,4,swift,22.9,74.0,55
Pune,Petrol,Manual,Third,5,0.85,14,baleno,15.4,94.0,155
Ahmedabad,Diesel,Manual,First,5,6.9,5,ciaz,28.09,88.5,52
Delhi,Petrol,Manual,First,7,2.2,4,eeco,15.1,73.0,126
Delhi,Petrol,Manual,First,5,4.65,5,swift,20.85,83.14,24
Ahmedabad,Petrol,Manual,Second,5,1.95,12,wagon,18.9,67.1,60
Kochi,Petrol,Manual,First,5,3.28,3,alto,22.74,47.3,27
Coimbatore,Petrol,Manual,First,5,7.39,2,baleno,21.4,83.1,33
Pune,Diesel,Manual,First,5,3.65,7,ritz,23.2,73.94,77
Kolkata,Diesel,Manual,First,5,3.0,8,ritz,23.2,73.94,97
Coimbatore,Petrol,Manual,First,5,4.11,1,omni,14.0,35.0,4
Kolkata,Petrol,Manual,Second,5,1.25,13,alto,19.7,46.3,18
Kolkata,Petrol,Manual,First,5,3.1,5,wagon,20.51,67.04,36
Ahmedabad,Diesel,Manual,First,5,4.4,7,swift,25.2,74.0,58
Hyderabad,Diesel,Manual,First,5,6.6,6,swift,19.3,73.9,76
Jaipur,Petrol,Manual,First,5,4.5,3,baleno,21.4,83.1,27
Hyderabad,Diesel,Manual,First,5,7.9,5,ciaz,28.09,88.5,67
Chennai,Petrol,Manual,First,5,6.8,3,baleno,21.4,83.1,43
Hyderabad,Petrol,Manual,Second,5,2.3,9,alto,20.92,67.1,78
Pune,Petrol,Manual,Second,5,3.3,10,swift,17.5,85.8,49
Kolkata,Petrol,Automatic,First,5,3.8,4,celerio,23.1,67.04,30
Mumbai,Petrol,Automatic,First,5,2.5,8,a-star,16.98,66.1,32
Coimbatore,Petrol,Manual,First,5,5.35,8,swift,16.1,88.2,78
Delhi,Petrol,Manual,First,5,2.45,8,wagon,18.9,67.1,52
Jaipur,Diesel,Manual,First,5,5.5,5,baleno,27.39,74.0,98
Hyderabad,Diesel,Manual,First,5,8.5,2,baleno,27.39,74.0,17
Mumbai,Petrol,Automatic,First,5,4.45,5,celerio,23.1,67.04,40
Jaipur,Petrol,Manual,Second,5,1.25,11,zen,18.2,67.1,63
Kochi,Petrol,Manual,First,5,3.64,6,alto,20.92,67.1,36
Pune,Diesel,Manual,First,5,5.25,6,swift,22.9,74.0,84
Kolkata,Petrol,Manual,Second,5,2.1,9,wagon,18.9,67.1,37
Kochi,Diesel,Manual,First,5,9.44,3,vitara,24.3,88.5,21
Ahmedabad,Petrol,Automatic,First,5,4.0,3,alto,24.07,67.1,20
Kolkata,Diesel,Manual,First,5,4.65,6,swift,23.4,74.0,28
Chennai,Petrol,Manual,First,5,2.7,6,alto,20.92,67.1,52
Hyderabad,Diesel,Manual,First,7,8.5,5,ertiga,20.77,88.8,59
Mumbai,Diesel,Manual,Second,5,4.99,7,swift,19.3,73.9,65
Hyderabad,Petrol,Automatic,First,5,9.95,3,ciaz,19.12,91.1,15
Chennai,Diesel,Manual,First,5,4.5,10,swift,19.3,73.9,100
Chennai,Petrol,Manual,First,5,4.8,5,swift,20.85,83.14,49
Mumbai,Petrol,Manual,Second,7,5.25,8,ertiga,16.02,93.7,52
Chennai,Petrol,Manual,First,5,2.8,4,alto,24.7,47.3,5
Pune,Diesel,Manual,First,5,5.9,2,dzire,28.4,73.75,27
Pune,Petrol,Manual,Second,5,3.0,11,swift,16.1,88.2,90
Kolkata,Diesel,Manual,First,5,1.7,10,ritz,21.1,73.9,47
Hyderabad,Petrol,Manual,First,5,4.7,2,wagon,18.9,67.1,1
Bangalore,Petrol,Manual,Second,7,5.94,6,ertiga,16.02,93.7,42
Delhi,Petrol,Manual,Second,5,0.75,14,wagon,17.3,64.0,65
Mumbai,Petrol,Manual,First,5,7.5,3,baleno,21.4,83.1,6
Hyderabad,Diesel,Manual,First,5,4.8,8,swift,22.9,74.0,68
Bangalore,Petrol,Manual,First,5,4.0,5,celerio,23.1,67.04,67
Pune,Diesel,Manual,First,5,7.43,4,vitara,24.3,88.5,37
Delhi,Diesel,Manual,First,5,2.75,9,swift,19.3,73.9,68
Delhi,Diesel,Manual,First,5,4.75,6,swift,28.4,74.0,27
Kolkata,Petrol,Manual,First,5,2.65,7,wagon,18.9,67.1,46
