CustomerID,Gender,Income,Profession,Family Size,Agegroup
1,Male,15000,Healthcare,4,young
2,Male,35000,Engineer,3,midage
3,Female,86000,Engineer,1,young
4,Female,59000,Lawyer,2,midage
5,Female,38000,Entertainment,6,midage
6,Female,58000,Artist,2,midage
7,Female,31000,Healthcare,3,midage
8,Female,84000,Healthcare,3,midage
9,Male,97000,Engineer,3,old
10,Female,98000,Artist,4,midage
11,Male,7000,Engineer,3,old
12,Female,93000,Healthcare,4,midage
13,Female,80000,Executive,5,old
14,Female,91000,Lawyer,1,midage
15,Male,19000,Doctor,1,midage
16,Male,51000,Healthcare,2,midage
17,Female,29000,Homemaker,5,midage
18,Male,89000,Healthcare,6,young
19,Male,20000,Entertainment,4,old
20,Female,62000,Artist,1,midage
21,Male,96000,Homemaker,1,midage
22,Male,4000,Healthcare,4,midage
23,Female,42000,Artist,2,old
24,Male,71000,Artist,2,midage
25,Female,67000,Executive,3,old
26,Male,52000,Artist,3,midage
27,Female,68000,Healthcare,8,old
28,Male,78000,Artist,3,midage
29,Female,18000,Artist,1,midage
30,Female,20000,Artist,4,midage
31,Male,39000,Artist,3,old
32,Female,34000,Doctor,2,midage
33,Male,59000,Healthcare,3,old
34,Male,62000,Homemaker,7,young
35,Female,91000,Lawyer,2,old
36,Female,95000,Healthcare,4,midage
37,Female,14000,Doctor,1,old
38,Female,62000,Healthcare,5,midage
39,Female,9000,Artist,2,midage
40,Female,69000,Artist,2,young
41,Female,25000,Artist,1,old
42,Male,85000,Healthcare,2,midage
43,Male,22000,Artist,3,old
44,Female,33000,Artist,2,midage
45,Female,72000,Engineer,1,old
46,Female,3000,Lawyer,2,midage
47,Female,52000,Artist,4,old
48,Female,71000,Healthcare,1,midage
49,Female,78000,Healthcare,4,midage
50,Female,25000,Engineer,1,midage
51,Female,88000,Artist,2,old
52,Male,97000,Artist,2,midage
53,Female,74000,Artist,1,midage
54,Male,68000,Entertainment,2,old
55,Female,18000,Marketing,1,old
56,Male,95000,Artist,2,old
57,Female,71000,Healthcare,4,old
58,Male,8000,Doctor,2,old
59,Female,57000,Artist,3,midage
60,Male,89000,Lawyer,6,old
61,Male,84000,Artist,2,old
62,Male,50000,Artist,2,young
63,Female,50000,Lawyer,3,old
64,Female,48000,Lawyer,2,old
65,Male,63000,Lawyer,2,old
66,Male,9000,Entertainment,2,young
67,Female,3000,Doctor,2,old
68,Female,82000,Artist,4,old
69,Male,81000,Artist,4,young
70,Female,97000,Homemaker,2,midage
71,Male,91000,Healthcare,2,old
72,Female,9000,Entertainment,2,old
73,Female,44000,Artist,5,old
74,Female,10000,Healthcare,4,old
75,Male,89000,Artist,4,old
76,Male,49000,Homemaker,3,midage
77,Female,67000,Doctor,2,old
78,Male,99000,Artist,3,midage
79,Female,97000,Engineer,2,midage
80,Female,98000,,1,old
81,Male,52000,Healthcare,4,old
82,Male,61000,Healthcare,3,midage
83,Male,120000,Artist,1,old
84,Female,34000,Entertainment,4,old
85,Female,24000,Marketing,3,midage
86,Male,31000,Healthcare,5,old
87,Female,11000,Artist,3,old
88,Female,55000,Artist,2,midage
89,Female,76000,Entertainment,3,midage
90,Female,56000,Doctor,2,old
91,Female,46000,Entertainment,3,old
92,Male,36000,Artist,4,young
93,Male,88000,Artist,2,old
94,Female,31000,Entertainment,2,midage
95,Female,24000,Artist,1,midage
96,Male,80000,Artist,1,midage
97,Female,2000,Artist,1,old
98,Female,67000,Artist,2,midage
99,Male,58000,Doctor,2,old
100,Male,80000,Engineer,3,young
101,Female,65000,Artist,4,midage
102,Female,4000,Executive,7,old
103,Male,98000,Artist,3,old
104,Male,52000,Executive,5,midage
105,Male,86000,Healthcare,2,old
106,Female,82000,Doctor,2,midage
107,Female,43000,Homemaker,2,old
108,Male,78000,Lawyer,1,old
109,Male,13000,Healthcare,5,old
110,Male,13000,Healthcare,3,old
111,Male,34000,Entertainment,4,old
112,Female,25000,Artist,1,young
113,Female,71000,Doctor,5,midage
114,Male,2000,Artist,1,young
115,Female,97000,Executive,3,young
116,Female,51000,Executive,4,young
117,Female,9000,Lawyer,1,old
118,Female,79000,Artist,2,old
119,Female,84000,,7,old
120,Female,87000,Artist,2,old
121,Male,36000,Executive,3,midage
122,Female,50000,Executive,4,midage
123,Female,97000,Engineer,4,midage
124,Male,6000,Healthcare,3,midage
125,Female,12000,Entertainment,2,midage
126,Female,46000,Marketing,2,midage
127,Male,89000,Engineer,7,old
128,Male,4000,Artist,2,midage
129,Male,38000,Engineer,2,old
130,Male,64000,Entertainment,5,midage
131,Male,66000,Executive,5,old
132,Male,26000,Lawyer,2,midage
133,Female,41000,Healthcare,4,midage
134,Female,45000,Artist,1,midage
135,Male,89000,Engineer,2,young
136,Female,92000,Executive,5,midage
137,Female,76000,Artist,2,old
138,Male,85000,Artist,4,midage
139,Male,22000,Marketing,4,young
140,Female,15000,Artist,4,midage
141,Female,32000,Engineer,2,old
142,Male,66000,Artist,5,midage
143,Female,62000,Doctor,3,midage
144,Female,85000,Lawyer,2,midage
145,Male,71000,Engineer,5,midage
146,Male,26000,Marketing,5,midage
147,Male,52000,Engineer,2,old
148,Female,38000,Lawyer,1,midage
149,Female,51000,Healthcare,4,midage
150,Male,90000,Artist,3,midage
151,Male,30000,Lawyer,9,old
152,Male,41000,Engineer,1,midage
153,Female,17000,Engineer,2,old
154,Female,92000,Artist,2,midage
155,Female,80000,Healthcare,4,old
156,Female,10000,Marketing,4,midage
157,Male,16000,Executive,1,midage
158,Female,87000,Artist,4,midage
159,Male,66000,Lawyer,2,midage
160,Female,86000,Artist,3,midage
161,Female,9000,Artist,1,old
162,Female,50000,Healthcare,5,midage
163,Male,35000,Executive,5,young
164,Female,58000,Healthcare,5,midage
165,Male,47000,Doctor,2,old
166,Female,54000,Artist,3,midage
167,Male,79000,Homemaker,3,old
168,Female,83000,Artist,5,midage
169,Female,57000,Artist,3,midage
170,Male,0,Artist,2,midage
171,Male,69000,Artist,5,midage
172,Male,4000,Executive,2,midage
173,Male,79000,Lawyer,2,midage
174,Male,99000,Artist,2,midage
175,Female,20000,Lawyer,2,old
176,Female,28000,Artist,4,midage
177,Male,29000,Engineer,1,old
178,Male,45000,Healthcare,6,midage
179,Male,86000,Healthcare,3,old
180,Male,42000,Engineer,1,midage
181,Female,59000,Artist,2,midage
182,Female,61000,Entertainment,5,midage
183,Male,11000,Artist,1,old
184,Female,66000,Artist,4,midage
185,Female,39000,Artist,1,old
186,Male,72000,Artist,2,midage
187,Female,14000,Lawyer,2,old
188,Male,44000,Doctor,3,midage
189,Female,76000,Engineer,2,old
190,Female,95000,Artist,2,midage
191,Female,92000,Artist,3,midage
192,Female,98000,Artist,2,midage
193,Male,96000,Executive,2,midage
194,Female,45000,Artist,4,midage
195,Female,8000,Artist,2,old
196,Female,46000,Executive,3,midage
197,Female,78000,Artist,2,old
198,Male,4000,Artist,5,midage
199,Male,81000,Executive,2,midage
200,Male,33000,Artist,2,midage
201,Female,40000,Healthcare,3,midage
202,Male,85000,Healthcare,3,midage
203,Female,60000,Engineer,8,young
204,Female,60000,Healthcare,2,old
205,Female,63000,Entertainment,2,old
206,Female,10000,Healthcare,3,old
207,Female,55000,Healthcare,3,young
208,Male,93000,Artist,1,old
209,Female,15000,Doctor,2,old
210,Female,39000,Engineer,4,old
211,Female,57000,Engineer,2,young
212,Female,22000,Artist,1,
213,Male,12000,Marketing,4,old
214,Male,50000,Lawyer,1,old
215,Male,95000,Doctor,4,old
216,Female,66000,Healthcare,3,old
217,Male,20000,Doctor,2,old
218,Female,35000,Doctor,2,old
219,Female,71000,Executive,2,old
220,Female,76000,,1,old
221,Female,84000,Artist,3,midage
222,Female,72000,Engineer,2,old
223,Male,33000,Artist,3,old
224,Female,93000,Healthcare,5,old
225,Female,83000,Homemaker,1,midage
226,Female,23000,Engineer,1,old
227,Female,40000,Artist,4,midage
228,Male,89000,Healthcare,4,old
229,Male,33000,Marketing,1,
230,Male,94000,Healthcare,2,young
231,Female,93000,Lawyer,2,young
232,Male,7000,Healthcare,4,old
233,Female,18000,Lawyer,2,old
234,Female,3000,Healthcare,4,old
235,Female,84000,Artist,1,young
236,Female,62000,Healthcare,4,midage
237,Male,9000,Healthcare,5,old
238,Male,36000,,4,old
239,Male,37000,Lawyer,4,old
240,Female,50000,Artist,2,young
241,Male,83000,Executive,5,old
242,Female,79000,Artist,3,old
243,Female,40000,Healthcare,4,old
244,Female,47000,Artist,6,old
245,Female,4000,Artist,4,old
246,Female,38000,Entertainment,2,midage
247,Male,0,Doctor,3,midage
248,Female,7000,Artist,2,midage
249,Female,41000,Artist,2,midage
250,Female,65000,Engineer,5,old
251,Male,20000,Engineer,3,old
252,Female,44000,Doctor,1,midage
253,Female,3000,Artist,4,old
254,Female,72000,Lawyer,3,old
255,Female,27000,Engineer,4,old
256,Male,85000,Lawyer,2,old
257,Male,38000,Executive,1,young
258,Male,73000,Homemaker,7,old
259,Female,64000,Artist,3,old
260,Male,26000,Executive,4,midage
261,Female,47000,Artist,3,old
262,Female,35000,Doctor,6,old
263,Female,31000,Lawyer,3,midage
264,Female,13000,Engineer,4,old
265,Female,79000,Homemaker,7,midage
266,Male,82000,Entertainment,2,young
267,Female,28000,Artist,1,midage
268,Female,36000,Artist,3,old
269,Female,8000,Entertainment,6,midage
270,Female,88000,Artist,2,old
271,Male,91000,Entertainment,4,old
272,Female,12000,Doctor,3,young
273,Female,1000,Entertainment,3,old
274,Female,143000,Artist,2,young
275,Female,18000,Artist,2,midage
276,Male,65000,Lawyer,2,old
277,Male,9000,Executive,4,young
278,Male,95000,Artist,1,old
279,Female,78000,Engineer,3,old
280,Male,48000,Healthcare,3,old
281,Female,63000,Executive,4,midage
282,Female,85000,Marketing,2,old
283,Female,43000,Artist,3,old
284,Female,74000,Artist,2,old
285,Female,67000,Healthcare,1,midage
286,Male,59000,Artist,1,old
287,Female,140000,Entertainment,1,old
288,Female,31000,Healthcare,2,old
289,Female,5000,Marketing,1,midage
290,Female,19000,Engineer,3,old
291,Male,27000,Entertainment,1,young
292,Female,68000,Doctor,3,young
293,Male,38000,Artist,8,young
294,Female,50000,Engineer,4,old
295,Female,80000,Entertainment,2,old
296,Female,69000,Executive,3,old
297,Female,31000,Engineer,3,old
298,Male,87000,Doctor,2,old
299,Male,79000,Artist,3,young
300,Male,32000,Entertainment,2,midage
301,Male,153787,Entertainment,3,old
302,Male,95851,Healthcare,2,midage
303,Female,145015,Healthcare,3,midage
304,Female,148539,Healthcare,2,midage
305,Female,117319,Lawyer,2,old
306,Female,180243,Marketing,2,old
307,Female,165052,Artist,2,old
308,Female,120487,Doctor,2,old
309,Male,112766,Engineer,4,midage
310,Female,156488,Engineer,4,young
311,Male,97562,Executive,6,old
312,Female,77501,Engineer,4,young
313,Female,118302,Lawyer,1,midage
314,Female,64277,Executive,4,young
315,Male,53927,Doctor,3,young
316,Male,93921,Lawyer,2,old
317,Female,132046,Homemaker,4,old
318,Male,183217,Artist,2,old
319,Male,182937,Marketing,1,old
320,Female,68272,Healthcare,4,midage
321,Male,69841,Engineer,2,midage
322,Male,69078,Lawyer,1,young
323,Female,110667,Healthcare,4,old
324,Male,95469,Doctor,1,young
325,Female,102861,Artist,1,old
326,Male,133551,Artist,1,young
327,Female,64589,Engineer,1,old
328,Male,152755,Engineer,2,old
329,Female,92313,Healthcare,5,midage
330,Female,98922,Artist,3,old
331,Male,165846,Engineer,4,midage
332,Female,93713,Engineer,4,young
333,Male,137641,Healthcare,5,old
334,Male,173743,Artist,4,
335,Female,116126,Entertainment,2,old
336,Female,112246,Healthcare,3,midage
337,Female,69384,Healthcare,5,midage
338,Female,76529,Healthcare,2,old
339,Female,123804,Doctor,1,young
340,Female,68292,Artist,2,old
341,Female,173185,Artist,1,old
342,Male,142034,Entertainment,4,old
343,Male,107941,Artist,1,midage
344,Female,149840,Engineer,1,old
345,Female,148431,Healthcare,8,young
346,Female,126599,Lawyer,3,old
347,Female,57180,Healthcare,1,old
348,Female,184426,Artist,1,old
349,Female,151085,Marketing,5,midage
350,Female,166107,Artist,4,old
351,Female,67850,Artist,4,old
352,Male,173394,Engineer,1,old
353,Female,72303,Lawyer,1,old
354,Male,181760,Healthcare,3,midage
355,Female,146858,Doctor,1,young
356,Male,172923,Engineer,1,midage
357,Female,115811,Homemaker,4,old
358,Male,184324,Marketing,5,young
359,Female,67353,Lawyer,3,old
360,Male,165999,Healthcare,3,young
361,Male,164914,Artist,3,old
362,Male,63364,Entertainment,2,old
363,Female,182352,Engineer,3,midage
364,Female,148544,Entertainment,2,midage
365,Male,62833,Artist,2,old
366,Male,120627,Healthcare,2,old
367,Female,130898,Artist,1,old
368,Female,103130,Executive,3,old
369,Male,106681,Healthcare,5,old
370,Female,87353,Entertainment,5,midage
371,Male,88046,Artist,1,old
372,Female,98168,Entertainment,2,old
373,Female,178265,Lawyer,1,midage
374,Female,167232,Doctor,4,old
375,Male,140478,Doctor,4,old
376,Male,159296,Artist,1,midage
377,Female,144043,Doctor,1,midage
378,Male,72594,Artist,2,old
379,Female,180288,Artist,2,old
380,Female,165734,Entertainment,1,old
381,Male,175407,Artist,1,young
382,Male,70201,Engineer,2,old
383,Male,91503,Artist,6,midage
384,Female,184522,Artist,2,young
385,Female,143560,Artist,3,old
386,Male,131574,Artist,2,old
387,Female,151124,Artist,3,young
388,Female,67447,Artist,2,midage
389,Female,117454,Healthcare,2,midage
390,Female,86203,Doctor,1,young
391,Female,136231,Artist,1,young
392,Male,89144,Doctor,2,young
393,Male,119116,Artist,4,midage
394,Female,163463,Artist,4,old
395,Female,151696,Artist,1,old
396,Male,184736,Lawyer,1,old
397,Female,70419,Homemaker,4,old
398,Female,119104,Entertainment,3,young
399,Male,130950,Executive,3,old
400,Male,140950,Artist,2,young
401,Female,82285,Engineer,1,old
402,Female,91389,Healthcare,7,old
403,Male,186359,Doctor,2,old
404,Male,178989,Doctor,3,young
405,Male,166335,Engineer,5,old
406,Female,119889,Artist,6,old
407,Female,66852,Executive,3,old
408,Male,103896,Executive,4,young
409,Male,187761,Healthcare,3,midage
410,Male,102717,Healthcare,4,midage
411,Male,102647,Entertainment,2,old
412,Female,113585,Lawyer,4,old
413,Female,86509,Artist,4,old
414,Male,59099,Marketing,7,old
415,Female,135088,Lawyer,5,old
416,Female,110870,Engineer,4,old
417,Female,187667,Artist,1,old
418,Female,124614,Artist,5,midage
419,Female,166492,Homemaker,7,old
420,Female,172758,Entertainment,2,old
421,Male,122430,Healthcare,1,old
422,Female,183540,Entertainment,6,old
423,Female,96484,Artist,4,midage
424,Male,112587,Artist,4,midage
425,Female,155672,Entertainment,7,old
426,Female,72847,Artist,2,old
427,Male,71897,Entertainment,3,midage
428,Male,158479,Doctor,5,midage
429,Male,89251,Entertainment,1,old
430,Male,179911,Engineer,1,midage
431,Male,111558,Healthcare,4,young
432,Male,127615,Executive,7,old
433,Female,50076,Artist,5,midage
434,Female,77779,Artist,1,midage
435,Male,169999,Engineer,5,old
436,Female,106581,Doctor,7,young
437,Female,78223,Lawyer,1,midage
438,Male,136259,,7,old
439,Male,153399,Entertainment,6,midage
440,Female,162858,Artist,1,young
441,Female,57373,,7,
442,Male,133602,Artist,1,young
443,Female,66322,Artist,3,old
444,Female,68761,Lawyer,4,
445,Male,70749,Artist,3,young
446,Male,65874,Artist,6,old
447,Male,115996,Engineer,1,old
448,Female,67097,Engineer,1,old
449,Female,108027,Artist,5,young
450,Male,176349,Healthcare,2,young
451,Male,88452,Healthcare,6,young
452,Male,128266,Engineer,4,old
453,Female,156777,Healthcare,2,old
454,Female,123234,Lawyer,7,old
455,Female,60790,Artist,5,young
456,Female,181332,Artist,6,young
457,Male,187297,Artist,1,young
458,Female,153885,Artist,6,midage
459,Male,53500,Marketing,4,old
460,Female,69443,Doctor,6,young
461,Female,124072,Lawyer,7,old
462,Female,135800,Healthcare,7,old
463,Male,120597,Artist,4,old
464,Female,91358,Entertainment,4,young
465,Male,53231,Marketing,5,old
466,Female,156330,Engineer,2,old
467,Male,186002,Doctor,2,
468,Female,111760,Executive,5,old
469,Female,143906,Artist,3,old
470,Male,182410,Healthcare,4,young
471,Male,98463,Homemaker,5,old
472,Male,93762,Artist,7,old
473,Male,104582,Healthcare,2,old
474,Male,130813,Artist,5,young
475,Female,59202,Healthcare,4,young
476,Female,79968,Lawyer,2,midage
477,Male,104824,Artist,7,midage
478,Male,188719,Lawyer,6,old
479,Male,187536,Healthcare,6,midage
480,Male,134008,Entertainment,1,young
481,Female,176397,Artist,3,young
482,Female,154888,Healthcare,6,midage
483,Male,155622,Healthcare,2,old
484,Female,62330,Healthcare,1,midage
485,Female,112838,Healthcare,7,old
486,Male,58283,Homemaker,4,midage
487,Female,77857,Artist,6,old
488,Male,125024,Artist,1,old
489,Female,136242,Artist,1,old
490,Female,81934,Healthcare,4,old
491,Female,130511,Artist,4,old
492,Female,144502,Lawyer,1,old
493,Male,63769,Artist,2,old
494,Female,66760,Artist,4,young
495,Female,135115,Entertainment,7,midage
496,Female,179877,Healthcare,4,old
497,Female,93351,Doctor,1,old
498,Male,84547,Homemaker,3,young
499,Male,121725,,3,old
500,Male,65723,Artist,7,old
501,Female,96794,Healthcare,3,midage
502,Male,72352,Healthcare,5,old
503,Female,53097,Healthcare,7,young
504,Female,144831,Artist,3,young
505,Female,183851,Doctor,2,young
506,Female,111896,Executive,3,young
507,Female,64824,Executive,1,young
508,Male,88565,Healthcare,5,midage
509,Female,104974,Artist,1,old
510,Female,167060,Artist,5,young
511,Female,69018,Artist,1,midage
512,Female,174109,Entertainment,1,old
513,Male,62186,Marketing,1,midage
514,Male,183783,Healthcare,3,old
515,Male,83771,Artist,2,old
516,Female,148196,Artist,2,midage
517,Male,131742,Entertainment,1,old
518,Female,59971,Homemaker,7,old
519,Female,88960,Entertainment,3,young
520,Female,140107,Healthcare,5,old
521,Female,161896,Entertainment,3,old
522,Female,57272,Engineer,1,young
523,Male,119952,Healthcare,2,young
524,Female,167197,Doctor,5,old
525,Female,186116,Healthcare,6,old
526,Female,134677,Healthcare,5,old
527,Female,180479,Healthcare,3,old
528,Male,112783,Artist,6,old
529,Male,150258,Doctor,3,young
530,Male,115832,Artist,2,old
531,Female,104834,Artist,7,old
532,Male,152571,Doctor,5,old
533,Female,162287,Engineer,2,young
534,Female,171761,Doctor,6,old
535,Female,77709,Artist,1,old
536,Female,95053,Entertainment,2,midage
537,Male,74820,Doctor,2,old
538,Male,152267,Engineer,5,old
539,Male,71925,Artist,2,old
540,Female,151340,Artist,7,old
541,Male,162921,Executive,4,old
542,Female,52234,Executive,2,midage
543,Female,100271,Artist,5,old
544,Female,170266,Artist,2,young
545,Female,88763,Entertainment,1,midage
546,Female,107359,,6,old
547,Male,164781,Engineer,2,old
548,Female,156016,Artist,1,midage
549,Female,186882,Entertainment,7,old
550,Female,99300,Homemaker,2,midage
551,Male,58127,Marketing,3,young
552,Female,89211,Doctor,7,old
553,Female,148607,Homemaker,7,young
554,Female,139592,Marketing,1,midage
555,Female,172051,Healthcare,3,young
556,Male,57033,Artist,4,old
557,Male,117612,Engineer,6,old
558,Male,185321,Artist,7,midage
559,Female,186577,Healthcare,5,young
560,Male,151298,Artist,6,
561,Female,123925,Artist,7,old
562,Female,169496,Lawyer,6,young
563,Female,142892,Entertainment,1,
564,Female,58979,Entertainment,5,midage
565,Female,141416,Healthcare,1,old
566,Male,104854,Healthcare,7,old
567,Female,180331,Artist,5,young
568,Female,172896,Engineer,3,old
569,Female,101451,Healthcare,3,young
570,Female,189974,Engineer,1,old
571,Male,90084,Artist,6,old
572,Female,112247,Executive,5,old
573,Female,181775,Artist,5,old
574,Female,59088,Artist,3,old
575,Female,60856,Artist,6,old
576,Male,149900,Artist,3,midage
577,Male,142776,Engineer,5,young
578,Male,162598,Artist,3,midage
579,Female,146195,Healthcare,4,midage
580,Male,135268,Lawyer,5,old
581,Female,136037,Marketing,1,old
582,Female,111191,Artist,4,midage
583,Female,144111,Entertainment,5,young
584,Female,177359,Doctor,2,old
585,Female,112818,Marketing,7,young
586,Male,53509,Artist,4,old
587,Female,168269,Executive,2,young
588,Female,86766,Lawyer,3,old
589,Female,52661,Healthcare,5,old
590,Female,148520,Healthcare,5,old
591,Male,149936,Artist,3,old
592,Female,102296,Entertainment,5,old
593,Male,178416,Executive,7,old
594,Female,83788,Doctor,1,old
595,Female,184771,Engineer,5,old
596,Female,70302,Executive,3,old
597,Female,58639,Entertainment,7,young
598,Male,97879,Entertainment,7,old
599,Male,64707,Entertainment,3,midage
600,Male,71795,Healthcare,1,old
601,Male,76567,Doctor,1,old
602,Male,126370,,4,old
603,Female,154007,Artist,7,old
604,Female,69720,Lawyer,6,old
605,Female,85265,Executive,6,old
606,Female,155864,Healthcare,3,young
607,Female,99421,Artist,7,young
608,Female,145457,Executive,1,old
609,Male,118041,Artist,2,young
610,Female,73759,Doctor,7,midage
611,Male,90082,Artist,7,old
612,Female,74928,Artist,6,young
613,Female,101352,Lawyer,5,old
614,Female,93947,Healthcare,2,old
615,Male,134629,Engineer,6,midage
616,Male,101858,Healthcare,6,old
617,Female,165501,Artist,4,old
618,Male,135931,Lawyer,1,midage
619,Male,103356,Marketing,6,midage
620,Female,75195,Artist,3,old
621,Male,123083,Entertainment,5,old
622,Male,73884,Healthcare,2,old
623,Female,91180,Entertainment,7,old
624,Male,86235,Artist,2,old
625,Female,96400,Doctor,7,old
626,Male,83599,Healthcare,6,old
627,Female,82535,Healthcare,1,old
628,Male,92227,Lawyer,5,midage
629,Female,150444,Artist,4,old
630,Female,149095,Lawyer,2,midage
631,Male,113605,Artist,3,old
632,Female,93854,Healthcare,7,young
633,Male,118280,Artist,5,midage
634,Male,94576,Artist,1,old
635,Female,129257,Executive,3,midage
636,Female,70373,Healthcare,6,old
637,Female,77600,Healthcare,1,old
638,Female,113707,Entertainment,5,midage
639,Female,189672,Doctor,7,old
640,Female,143180,Artist,5,old
641,Female,174890,Marketing,4,old
642,Male,121377,,7,old
643,Male,154857,Healthcare,7,midage
644,Female,160945,Healthcare,5,old
645,Female,119557,Artist,2,old
646,Female,187141,Doctor,7,old
647,Female,97468,Artist,1,old
648,Female,160351,Lawyer,5,old
649,Female,178627,Healthcare,2,old
650,Female,170188,Lawyer,6,old
651,Female,166007,Doctor,4,midage
652,Male,91794,Entertainment,7,old
653,Female,189072,Artist,3,young
654,Male,152717,Executive,6,midage
655,Female,158549,Executive,3,young
656,Male,134263,Marketing,3,midage
657,Female,148236,Executive,1,midage
658,Male,171677,Artist,6,old
659,Female,189446,Artist,6,midage
660,Male,106633,Artist,3,old
661,Male,81084,Executive,5,old
662,Male,148759,Doctor,7,old
663,Female,117638,Healthcare,7,young
664,Female,159537,Doctor,1,old
665,Male,79526,Marketing,7,midage
666,Male,101414,,1,midage
667,Female,109519,Entertainment,4,old
668,Female,156880,Artist,7,old
669,Male,157278,Artist,6,young
670,Female,144916,Engineer,7,midage
671,Male,59163,Marketing,3,old
672,Female,93991,Artist,3,old
673,Female,58318,Doctor,1,old
674,Female,180786,Lawyer,5,young
675,Male,84622,Doctor,6,old
676,Male,92674,Artist,4,young
677,Female,87553,Artist,1,old
678,Male,74174,Entertainment,2,young
679,Female,180831,Healthcare,2,old
680,Female,137397,Doctor,7,old
681,Male,96154,Artist,4,young
682,Male,172477,Entertainment,3,old
683,Male,59954,Executive,4,old
684,Female,112240,Entertainment,4,midage
685,Female,145679,Artist,2,old
686,Male,136265,Artist,5,old
687,Female,74869,Healthcare,3,old
688,Female,109425,Engineer,1,old
689,Female,126015,Healthcare,1,young
690,Female,156951,Healthcare,7,young
691,Female,127172,Healthcare,2,young
692,Male,113834,Doctor,3,old
693,Male,132005,Entertainment,5,old
694,Female,171323,Lawyer,4,old
695,Female,92355,Entertainment,4,old
696,Male,60982,Healthcare,5,old
697,Female,51742,Artist,3,old
698,Female,138612,Executive,2,midage
699,Male,158123,Artist,1,young
700,Male,164675,Executive,5,old
701,Female,172882,Healthcare,7,old
702,Female,70119,Artist,1,old
703,Male,113998,Healthcare,7,old
704,Male,114011,,7,midage
705,Male,57265,Entertainment,7,young
706,Female,130597,Artist,1,midage
707,Female,121597,Engineer,5,old
708,Male,103210,Artist,6,old
709,Male,66308,Executive,4,old
710,Male,141336,Homemaker,1,young
711,Male,153632,Entertainment,7,old
712,Female,65520,Lawyer,2,midage
713,Female,153217,Healthcare,6,old
714,Male,92768,Doctor,1,old
715,Female,132345,Artist,2,old
716,Female,186069,Marketing,2,old
717,Female,53802,Artist,7,midage
718,Female,103739,Healthcare,4,young
719,Female,50550,Healthcare,7,young
720,Female,145648,Healthcare,6,midage
721,Male,85737,Executive,3,midage
722,Female,99950,Entertainment,4,midage
723,Female,83220,Engineer,4,young
724,Male,73410,Entertainment,5,old
725,Female,64310,Marketing,1,old
726,Female,59844,Doctor,1,young
727,Male,67787,Executive,6,young
728,Male,172841,Engineer,1,old
729,Male,145528,Healthcare,2,old
730,Male,173807,Artist,2,midage
731,Male,185794,Entertainment,1,old
732,Male,119780,Healthcare,3,young
733,Female,158596,Artist,2,young
734,Female,118122,Entertainment,6,old
735,Male,99964,Healthcare,4,midage
736,Female,120752,Executive,6,old
737,Female,189630,Executive,5,midage
738,Male,125510,Healthcare,3,old
739,Male,101799,Engineer,1,young
740,Female,92914,Artist,3,old
741,Female,162465,Engineer,3,old
742,Male,163818,Engineer,1,old
743,Female,53832,Entertainment,1,old
744,Female,140190,Engineer,4,midage
745,Male,125836,Healthcare,4,young
746,Male,100938,Entertainment,7,old
747,Male,168670,Artist,3,young
748,Female,176885,Entertainment,3,old
749,Female,111174,Artist,5,old
750,Male,127335,Artist,6,old
751,Male,149103,Healthcare,1,midage
752,Male,167705,Healthcare,7,old
753,Female,183548,Entertainment,4,old
754,Female,50396,Lawyer,6,young
755,Female,63557,Marketing,1,young
756,Female,87878,Artist,6,old
757,Male,55634,Engineer,3,young
758,Female,118110,Engineer,5,old
759,Male,129396,Artist,6,young
760,Female,62628,Entertainment,6,old
761,Female,51700,Healthcare,6,midage
762,Female,106816,Artist,5,young
763,Male,93000,Lawyer,2,old
764,Female,144148,Doctor,4,old
765,Male,101388,Artist,2,young
766,Female,171560,Engineer,2,old
767,Male,156366,Entertainment,1,old
768,Female,143910,Marketing,7,
769,Female,106569,Engineer,3,midage
770,Male,173009,Healthcare,6,midage
771,Male,54252,Engineer,5,old
772,Male,104600,Entertainment,3,old
773,Male,50250,Artist,2,old
774,Male,93242,Entertainment,7,old
775,Female,156839,Artist,7,old
776,Female,71305,Artist,2,old
777,Male,85975,Entertainment,6,young
778,Male,188107,Engineer,2,old
779,Male,82333,Marketing,2,young
780,Male,125016,Entertainment,7,old
781,Female,148908,Healthcare,3,young
782,Female,58217,Artist,1,young
783,Male,76521,Engineer,4,old
784,Female,117763,Artist,2,old
785,Female,115184,Homemaker,4,midage
786,Male,54251,Artist,6,midage
787,Female,112530,Entertainment,6,old
788,Male,107409,Artist,6,old
789,Female,84793,Homemaker,6,midage
790,Female,66952,Entertainment,2,midage
791,Female,153465,Lawyer,4,old
792,Female,178214,Artist,7,young
793,Male,152069,Entertainment,4,old
794,Female,132860,Healthcare,2,old
795,Female,147719,Lawyer,7,
796,Female,172915,Doctor,1,old
797,Female,148594,Entertainment,5,old
798,Male,61986,Executive,1,midage
799,Male,91456,Artist,4,old
800,Male,166247,Executive,2,young
801,Female,140516,Artist,3,old
802,Male,148208,,7,old
803,Female,133822,Marketing,4,old
804,Female,175424,Artist,5,old
805,Female,121528,Healthcare,4,old
806,Female,189369,Healthcare,3,midage
807,Female,80808,Artist,1,old
808,Male,57535,Entertainment,7,midage
809,Female,163509,Healthcare,4,old
810,Female,75884,Executive,7,old
811,Female,157759,Artist,6,old
812,Female,184813,Executive,2,midage
813,Male,187253,Executive,7,old
814,Male,81718,Entertainment,3,old
815,Male,150019,Doctor,2,old
816,Female,53452,Entertainment,6,old
817,Male,150765,Homemaker,2,old
818,Female,154456,,7,old
819,Female,56647,Doctor,4,old
820,Female,117477,Healthcare,7,young
821,Female,79677,Artist,7,old
822,Female,116759,Marketing,3,
823,Male,180702,Entertainment,1,midage
824,Female,122698,Entertainment,1,young
825,Female,169346,Healthcare,2,old
826,Female,93176,Artist,1,old
827,Female,75853,Homemaker,5,young
828,Male,119362,Engineer,1,young
829,Male,81545,Artist,7,midage
830,Male,67372,Artist,7,old
831,Female,109703,Executive,1,midage
832,Male,166697,Marketing,4,midage
833,Female,124982,Engineer,7,midage
834,Female,146776,Lawyer,7,young
835,Female,147548,Executive,5,young
836,Female,117620,Healthcare,6,old
837,Male,85351,Healthcare,2,old
838,Male,174432,Artist,7,old
839,Male,70787,Doctor,3,old
840,Female,75473,Healthcare,7,old
841,Male,90082,Healthcare,6,old
842,Female,185388,Healthcare,2,old
843,Female,168110,Doctor,6,young
844,Female,184628,Artist,2,old
845,Female,176551,Healthcare,1,midage
846,Female,76422,Healthcare,7,midage
847,Male,164248,Entertainment,3,young
848,Female,109188,Lawyer,7,old
849,Female,132951,Healthcare,1,old
850,Female,164598,Healthcare,1,old
851,Male,186655,,2,old
852,Female,111859,Healthcare,1,old
853,Female,121926,Lawyer,1,
854,Female,143047,Executive,3,young
855,Female,131748,Artist,3,midage
856,Male,142801,Lawyer,1,old
857,Male,142723,Engineer,6,old
858,Male,155151,Marketing,3,midage
859,Female,153607,Healthcare,4,old
860,Male,144192,Healthcare,3,old
861,Female,174159,Lawyer,4,old
862,Female,73642,Marketing,3,old
863,Female,170319,Artist,7,young
864,Female,141351,Engineer,2,
865,Female,167411,Marketing,5,old
866,Male,58289,Artist,6,old
867,Female,79801,Doctor,2,old
868,Female,146118,Marketing,7,old
869,Female,57337,Healthcare,4,old
870,Female,113575,Entertainment,2,old
871,Male,122658,Engineer,2,old
872,Female,151836,Artist,6,old
873,Female,185900,Homemaker,4,old
874,Female,94029,Healthcare,4,midage
875,Female,157290,Artist,2,midage
876,Male,175996,Entertainment,4,old
877,Male,102016,Artist,4,old
878,Male,77902,Artist,2,young
879,Female,81138,Healthcare,7,young
880,Male,128258,Executive,2,midage
881,Female,62475,Artist,4,midage
882,Female,82854,Artist,4,old
883,Female,59284,Doctor,7,midage
884,Female,141580,Healthcare,4,young
885,Female,171362,Executive,4,old
886,Male,78274,Artist,2,young
887,Female,76646,Artist,1,old
888,Female,78308,Executive,2,old
889,Female,78971,Engineer,2,old
890,Female,65528,Marketing,5,old
891,Male,94199,Artist,7,old
892,Female,135705,Engineer,7,old
893,Male,130573,Entertainment,3,old
894,Female,152303,Artist,5,old
895,Female,144582,Doctor,1,midage
896,Female,93288,Artist,6,old
897,Female,88192,Marketing,2,old
898,Male,62362,Lawyer,3,young
899,Male,74350,Lawyer,1,old
900,Male,144103,Healthcare,7,young
901,Male,75518,Lawyer,3,young
902,Male,160980,Doctor,2,old
903,Female,102904,Artist,6,old
904,Female,174501,,7,young
905,Female,157661,Healthcare,6,old
906,Female,118385,Healthcare,3,old
907,Female,116463,Artist,4,young
908,Female,161212,Artist,6,young
909,Male,172601,Marketing,6,young
910,Female,167214,Homemaker,7,old
911,Male,69644,Artist,1,midage
912,Female,120215,Homemaker,2,young
913,Female,180401,Engineer,6,midage
914,Female,113739,Artist,7,midage
915,Male,111717,Healthcare,2,old
916,Male,62808,Engineer,4,old
917,Female,67582,Artist,3,midage
918,Male,96543,Artist,1,young
919,Male,89667,Artist,2,old
920,Female,98980,Engineer,1,old
921,Male,124998,Lawyer,3,young
922,Male,189091,Artist,6,old
923,Female,153842,Artist,3,young
924,Male,106314,Artist,7,midage
925,Female,62901,Artist,5,old
926,Male,149618,Healthcare,6,young
927,Female,72068,Healthcare,6,old
928,Male,81367,,3,midage
929,Female,118575,Entertainment,3,old
930,Female,82382,Executive,3,young
931,Male,114776,Entertainment,3,old
932,Female,145597,Artist,6,young
933,Male,162072,Engineer,1,old
934,Male,172872,Healthcare,7,old
935,Female,182162,Artist,3,midage
936,Female,71467,Artist,7,old
937,Female,85568,Healthcare,6,midage
938,Female,56851,Entertainment,3,old
939,Female,116782,Artist,5,
940,Female,67781,Entertainment,4,old
941,Female,70152,Healthcare,2,old
942,Male,185861,Artist,6,young
943,Male,162595,Artist,3,old
944,Female,80098,Lawyer,6,midage
945,Female,184801,Lawyer,1,young
946,Female,58908,Artist,6,midage
947,Female,146011,Marketing,5,young
948,Female,135174,Artist,4,old
949,Female,114244,Artist,1,old
950,Female,157207,Healthcare,4,old
951,Female,128834,Entertainment,4,old
952,Male,51166,Entertainment,7,old
953,Female,130118,Artist,4,midage
954,Male,87014,Doctor,4,midage
955,Female,111379,Artist,2,midage
956,Male,83704,Entertainment,1,young
957,Female,90558,Healthcare,2,old
958,Male,187343,Healthcare,3,young
959,Female,111174,Entertainment,6,old
960,Male,64461,Engineer,4,old
961,Male,109618,Artist,3,young
962,Male,189357,Lawyer,1,old
963,Female,120955,Artist,1,old
964,Female,168898,Homemaker,7,old
965,Male,130431,Healthcare,3,old
966,Male,161091,Engineer,1,old
967,Female,69988,Homemaker,4,midage
968,Female,169702,Doctor,1,young
969,Male,186897,Healthcare,7,midage
970,Female,109061,Engineer,1,old
971,Male,188620,Artist,6,midage
972,Female,108675,Artist,5,old
973,Female,177601,Entertainment,2,old
974,Female,87365,Marketing,2,young
975,Male,95929,Engineer,2,old
976,Male,97185,Entertainment,5,old
977,Female,103838,Artist,2,old
978,Male,129260,Doctor,3,young
979,Female,151184,Artist,4,old
980,Female,177512,Engineer,3,old
981,Male,140099,Lawyer,7,midage
982,Male,67535,Healthcare,6,midage
983,Male,133236,Executive,6,old
984,Female,87975,Homemaker,7,old
985,Female,164350,Healthcare,5,midage
986,Male,55109,Artist,3,midage
987,Female,67613,Entertainment,2,young
988,Female,185306,Entertainment,2,old
989,Female,154787,Executive,5,midage
990,Female,109759,Artist,3,young
991,Female,114571,Executive,3,old
992,Male,130697,Artist,2,midage
993,Male,115916,Doctor,6,midage
994,Female,69814,Artist,2,old
995,Female,118161,Engineer,4,old
996,Male,56583,Healthcare,3,old
997,Female,185843,Artist,3,young
998,Female,171825,Entertainment,4,midage
999,Male,77976,Artist,3,midage
1000,Male,66312,Entertainment,1,old
1001,Female,81839,Entertainment,4,old
1002,Female,55712,Artist,6,old
1003,Male,158335,Healthcare,5,midage
1004,Male,74253,Lawyer,6,young
1005,Male,119625,Healthcare,4,old
1006,Female,129743,Artist,2,young
1007,Female,101007,Lawyer,6,old
1008,Male,87529,Artist,7,old
1009,Male,151648,Healthcare,6,young
1010,Male,61637,,5,old
1011,Male,164659,Entertainment,6,young
1012,Female,125623,Executive,4,old
1013,Female,104054,Artist,4,old
1014,Male,83535,Artist,5,old
1015,Female,166245,Executive,3,old
1016,Female,100890,Entertainment,4,midage
1017,Female,55972,Entertainment,7,old
1018,Female,134282,Artist,5,old
1019,Female,106669,Lawyer,7,midage
1020,Female,145777,Executive,5,old
1021,Male,119259,Healthcare,5,old
1022,Female,150174,Artist,2,young
1023,Female,55472,Healthcare,3,old
1024,Male,99423,Healthcare,5,old
1025,Female,146221,Marketing,3,young
1026,Female,84238,Artist,2,midage
1027,Male,57032,Entertainment,5,old
1028,Male,88811,Engineer,4,old
1029,Male,167420,Artist,2,old
1030,Male,101846,Doctor,2,midage
1031,Male,114061,Artist,5,young
1032,Male,147449,Artist,5,old
1033,Female,83043,Executive,1,old
1034,Female,168990,Doctor,5,old
1035,Male,73867,Healthcare,5,old
1036,Female,165772,Healthcare,4,midage
1037,Female,178217,Marketing,3,young
1038,Male,162612,Engineer,6,old
1039,Male,99872,Entertainment,3,midage
1040,Female,142566,Artist,7,old
1041,Female,111424,Entertainment,5,young
1042,Male,187841,Artist,4,old
1043,Female,171921,Artist,6,old
1044,Female,115299,Artist,3,old
1045,Male,94129,Healthcare,7,old
1046,Male,172378,Entertainment,6,midage
1047,Male,146597,Engineer,4,midage
1048,Female,64057,Doctor,3,old
1049,Female,163585,Artist,5,midage
1050,Male,93186,Entertainment,3,young
1051,Male,149764,Entertainment,6,old
1052,Male,116822,Doctor,3,young
1053,Female,109346,Entertainment,2,old
1054,Female,111587,Artist,4,old
1055,Female,166644,Artist,6,midage
1056,Female,181270,Artist,1,old
1057,Male,65207,Healthcare,2,old
1058,Female,112146,Homemaker,4,old
1059,Male,104953,Doctor,6,young
1060,Female,139009,Artist,4,midage
1061,Female,67916,Healthcare,6,old
1062,Female,99983,Executive,1,old
1063,Male,131122,Artist,6,old
1064,Female,173190,Doctor,4,old
1065,Male,122712,Marketing,1,midage
1066,Female,55792,Artist,6,old
1067,Male,73892,Doctor,4,old
1068,Female,78821,,4,midage
1069,Female,152475,Artist,7,old
1070,Male,152226,Artist,4,old
1071,Male,117679,Entertainment,3,old
1072,Male,146473,Artist,4,midage
1073,Male,66051,Healthcare,7,old
1074,Male,162332,Entertainment,5,old
1075,Female,166018,Doctor,3,old
1076,Female,67398,Entertainment,5,old
1077,Male,73760,Entertainment,6,old
1078,Male,167578,Entertainment,1,old
1079,Male,130267,Engineer,4,midage
1080,Male,94846,Engineer,5,old
1081,Female,155396,Engineer,5,old
1082,Female,138013,Artist,7,old
1083,Male,148286,Entertainment,4,old
1084,Female,101031,Artist,1,young
1085,Female,52884,Lawyer,1,midage
1086,Male,153230,Healthcare,1,old
1087,Female,63261,Engineer,7,old
1088,Male,90167,Engineer,3,old
1089,Female,162076,,3,young
1090,Female,53622,Artist,3,old
1091,Female,172913,Executive,4,young
1092,Female,94316,Artist,6,old
1093,Male,141383,,5,old
1094,Female,67874,Artist,2,midage
1095,Female,176554,Healthcare,2,midage
1096,Female,135341,Healthcare,2,old
1097,Female,129019,Healthcare,3,old
1098,Male,107879,Doctor,6,old
1099,Male,79531,Artist,1,old
1100,Male,63379,Artist,7,old
1101,Female,156258,Entertainment,4,midage
1102,Male,67874,Entertainment,3,old
1103,Female,159964,Engineer,6,old
1104,Female,103706,Entertainment,2,old
1105,Female,64713,Entertainment,7,old
1106,Female,90414,Artist,5,old
1107,Female,171100,Executive,5,old
1108,Male,187305,Engineer,7,midage
1109,Female,139758,Lawyer,6,midage
1110,Female,91226,Healthcare,5,old
1111,Female,143928,Engineer,7,old
1112,Female,92366,Healthcare,6,midage
1113,Male,175041,Artist,1,old
1114,Male,147301,Lawyer,5,old
1115,Male,119296,Engineer,7,old
1116,Female,126306,Artist,1,midage
1117,Male,100647,Executive,3,young
1118,Female,168663,Engineer,5,old
1119,Female,105391,Executive,7,young
1120,Female,175179,Executive,4,old
1121,Female,165019,Entertainment,2,old
1122,Female,68212,Healthcare,4,old
1123,Male,64572,Artist,2,young
1124,Female,92591,Artist,2,old
1125,Female,69730,Artist,4,old
1126,Female,156793,Marketing,4,midage
1127,Female,56848,Artist,1,old
1128,Male,148450,Healthcare,6,young
1129,Male,150619,Artist,6,old
1130,Male,100261,Artist,6,old
1131,Female,109895,Healthcare,2,midage
1132,Male,152684,Lawyer,3,young
1133,Female,133765,Artist,3,old
1134,Female,57677,Lawyer,5,old
1135,Female,112358,Artist,6,old
1136,Female,73845,Artist,7,old
1137,Male,89531,Healthcare,2,old
1138,Male,118092,Entertainment,3,midage
1139,Male,144242,Entertainment,4,old
1140,Female,140876,Entertainment,4,old
1141,Male,76888,Marketing,1,old
1142,Female,116644,Artist,3,midage
1143,Female,143021,Executive,4,old
1144,Female,145679,Lawyer,6,old
1145,Female,64398,Lawyer,6,midage
1146,Female,104512,Marketing,3,young
1147,Male,71564,Artist,5,young
1148,Female,122707,Homemaker,3,old
1149,Female,51733,Healthcare,5,old
1150,Female,138087,Marketing,7,old
1151,Male,147278,Lawyer,4,old
1152,Female,187339,Healthcare,6,old
1153,Female,129972,Executive,6,old
1154,Female,151176,Healthcare,2,old
1155,Female,74358,Artist,6,midage
1156,Male,83953,Healthcare,3,old
1157,Male,62925,Engineer,6,midage
1158,Male,65257,Doctor,3,old
1159,Female,188557,Healthcare,2,young
1160,Male,163783,Healthcare,1,old
1161,Female,108342,Doctor,3,young
1162,Female,155951,Healthcare,4,young
1163,Female,183071,Artist,4,young
1164,Female,124104,Healthcare,6,old
1165,Female,136747,Healthcare,1,midage
1166,Male,189498,Artist,1,young
1167,Female,76149,Artist,6,old
1168,Female,185550,Artist,1,old
1169,Female,119567,Artist,2,old
1170,Female,79806,Engineer,6,young
1171,Male,180774,Entertainment,5,young
1172,Female,90142,Lawyer,2,old
1173,Female,184481,Executive,2,old
1174,Female,66089,Artist,3,midage
1175,Female,60044,Artist,1,young
1176,Male,52543,Executive,6,old
1177,Male,50429,Artist,1,old
1178,Male,178228,Engineer,2,old
1179,Female,161130,Artist,3,midage
1180,Male,87976,Lawyer,6,old
1181,Female,179150,Artist,2,midage
1182,Female,163442,Executive,6,old
1183,Female,108159,Entertainment,7,old
1184,Female,73419,Healthcare,1,old
1185,Female,138425,Doctor,6,young
1186,Male,54431,Healthcare,7,old
1187,Female,168437,Artist,2,old
1188,Female,71322,Entertainment,6,old
1189,Female,122548,,5,old
1190,Female,141428,Entertainment,5,young
1191,Male,142214,Artist,4,old
1192,Female,62590,Artist,6,old
1193,Male,172523,Artist,2,old
1194,Female,157588,Executive,6,young
1195,Female,143313,Doctor,7,young
1196,Female,119833,Doctor,2,old
1197,Female,70803,Entertainment,5,old
1198,Male,139008,Artist,4,old
1199,Male,126669,Artist,6,old
1200,Male,122722,Executive,4,old
1201,Male,79800,Artist,1,young
1202,Male,100155,Healthcare,1,old
1203,Female,110846,Artist,2,midage
1204,Female,106841,Entertainment,3,young
1205,Female,117181,Doctor,5,old
1206,Female,86898,Healthcare,6,old
1207,Female,143241,Executive,7,midage
1208,Female,146028,Healthcare,5,midage
1209,Male,165287,Doctor,3,young
1210,Female,132486,Artist,2,old
1211,Male,96424,Artist,5,old
1212,Female,151468,Artist,5,old
1213,Female,76561,Healthcare,1,young
1214,Female,125316,Lawyer,6,old
1215,Male,109373,Entertainment,2,midage
1216,Male,135042,Artist,7,old
1217,Female,59784,Artist,3,old
1218,Male,140687,Artist,2,old
1219,Male,182927,Healthcare,1,young
1220,Female,175534,Artist,6,old
1221,Male,170957,Lawyer,3,old
1222,Male,81197,Artist,4,old
1223,Female,104888,Healthcare,4,midage
1224,Male,184838,,5,old
1225,Female,139588,Executive,2,old
1226,Male,126543,Homemaker,3,midage
1227,Female,177260,Entertainment,2,old
1228,Male,156823,Healthcare,5,old
1229,Female,183201,Engineer,6,midage
1230,Female,84925,Artist,6,old
1231,Male,69719,Artist,2,old
1232,Female,61355,Healthcare,3,old
1233,Male,156014,Doctor,5,old
1234,Male,184088,Entertainment,7,midage
1235,Female,158372,Artist,1,old
1236,Female,135742,Healthcare,7,old
1237,Female,145704,Marketing,4,midage
1238,Female,157307,Executive,3,old
1239,Female,88064,Executive,5,midage
1240,Female,167226,Homemaker,1,young
1241,Female,153821,Marketing,4,old
1242,Male,170669,Doctor,5,midage
1243,Male,93555,Artist,3,old
1244,Female,101941,Healthcare,3,young
1245,Female,78795,Engineer,6,old
1246,Female,55875,Engineer,5,old
1247,Female,177513,Lawyer,5,old
1248,Female,100850,Doctor,3,old
1249,Female,143082,Entertainment,7,
1250,Female,85447,Artist,6,old
1251,Female,114213,Doctor,4,old
1252,Male,161120,Executive,1,young
1253,Female,186682,Entertainment,1,young
1254,Male,105302,Doctor,3,old
1255,Female,133400,Engineer,6,young
1256,Male,56432,Engineer,5,old
1257,Female,136467,Healthcare,3,old
1258,Male,189945,Engineer,5,old
1259,Female,163966,Lawyer,5,midage
1260,Male,52152,Artist,3,old
1261,Male,145720,Homemaker,7,old
1262,Male,188034,Healthcare,5,midage
1263,Female,127911,Homemaker,2,old
1264,Female,174114,Lawyer,1,old
1265,Male,144489,Artist,3,old
1266,Male,77440,Lawyer,5,old
1267,Female,86119,Artist,6,midage
1268,Female,100056,Entertainment,3,young
1269,Male,66686,Artist,7,young
1270,Female,74696,Doctor,6,old
1271,Male,65641,Entertainment,5,midage
1272,Female,61228,Entertainment,6,
1273,Female,138529,Healthcare,4,young
1274,Female,152405,Artist,4,old
1275,Male,157757,Doctor,4,young
1276,Male,166361,Engineer,4,young
1277,Female,67227,Artist,7,old
1278,Male,161156,Engineer,4,young
1279,Female,170647,Healthcare,7,old
1280,Female,161646,Healthcare,2,old
1281,Male,98016,Healthcare,6,old
1282,Male,50526,Artist,6,midage
1283,Male,175208,Executive,4,young
1284,Female,97721,Engineer,7,midage
1285,Female,142013,Entertainment,4,old
1286,Male,166737,Artist,3,old
1287,Female,62651,Entertainment,2,young
1288,Female,179546,Homemaker,4,old
1289,Female,51866,Artist,7,old
1290,Female,86297,Executive,4,old
1291,Female,65031,Artist,4,old
1292,Male,69383,Entertainment,2,old
1293,Male,70733,Artist,3,midage
1294,Female,187898,Artist,2,old
1295,Female,116001,Engineer,4,midage
1296,Male,87040,Artist,1,old
1297,Female,180956,Artist,2,young
1298,Female,115517,Healthcare,6,old
1299,Male,76979,Lawyer,3,midage
1300,Male,50798,Artist,5,old
1301,Female,146350,Artist,3,old
1302,Female,81112,Healthcare,3,old
1303,Male,80605,Doctor,6,old
1304,Male,171949,Doctor,6,midage
1305,Male,159006,Artist,6,old
1306,Female,177368,Healthcare,2,old
1307,Female,187643,Artist,1,old
1308,Male,93841,Lawyer,7,midage
1309,Male,131061,Healthcare,7,young
1310,Male,146130,Entertainment,6,old
1311,Male,84471,Doctor,5,old
1312,Female,144485,Entertainment,4,midage
1313,Female,158638,Healthcare,5,midage
1314,Male,96693,Entertainment,4,young
1315,Female,129507,Healthcare,7,old
1316,Female,114510,Healthcare,4,old
1317,Female,109396,,2,midage
1318,Female,149031,Artist,5,young
1319,Female,66256,Lawyer,2,old
1320,Female,118285,Doctor,4,old
1321,Male,128723,Artist,5,old
1322,Female,178285,Artist,7,midage
1323,Female,144176,Marketing,2,old
1324,Male,82474,Artist,3,midage
1325,Female,159010,Lawyer,2,old
1326,Female,76164,Artist,2,young
1327,Male,77873,Executive,5,young
1328,Male,53392,Artist,4,old
1329,Male,168898,Artist,7,old
1330,Male,128917,Homemaker,5,old
1331,Male,185067,Lawyer,4,old
1332,Male,132183,Artist,3,midage
1333,Female,82060,Healthcare,1,old
1334,Female,133614,Artist,4,old
1335,Male,94844,,6,old
1336,Female,76474,Doctor,5,old
1337,Female,94655,Healthcare,1,young
1338,Male,60933,Doctor,1,young
1339,Male,79257,Healthcare,2,young
1340,Female,125677,Entertainment,2,old
1341,Female,127971,Artist,5,midage
1342,Male,76103,Executive,3,midage
1343,Female,114741,Artist,5,old
1344,Female,157994,Artist,1,old
1345,Male,93786,Entertainment,1,old
1346,Male,75178,Entertainment,7,midage
1347,Male,175267,Healthcare,4,young
1348,Female,99263,Healthcare,1,old
1349,Female,52590,Healthcare,4,old
1350,Male,170959,Artist,4,midage
1351,Male,135076,Engineer,5,old
1352,Male,167112,Lawyer,1,old
1353,Female,184639,Doctor,6,old
1354,Female,172369,Artist,6,old
1355,Female,124256,Marketing,7,old
1356,Female,89972,Artist,6,old
1357,Male,67799,Entertainment,6,old
1358,Female,176074,Doctor,7,old
1359,Male,167517,Artist,7,old
1360,Female,77914,Artist,6,old
1361,Female,57605,Doctor,2,young
1362,Female,86365,Engineer,7,old
1363,Male,93883,Healthcare,2,young
1364,Female,131091,Artist,1,old
1365,Male,87222,Healthcare,4,young
1366,Female,117076,Doctor,2,old
1367,Male,150925,Healthcare,2,old
1368,Female,149379,Lawyer,3,midage
1369,Female,138644,Engineer,3,midage
1370,Male,148493,Doctor,7,old
1371,Male,84658,Lawyer,6,midage
1372,Male,111618,Lawyer,5,young
1373,Male,108759,Artist,6,old
1374,Male,186203,Artist,5,old
1375,Female,147258,Lawyer,2,young
1376,Female,132983,Healthcare,7,old
1377,Male,149092,Engineer,1,old
1378,Male,163845,Doctor,7,midage
1379,Male,117777,Artist,5,old
1380,Male,131584,Artist,3,old
1381,Female,123904,Artist,5,midage
1382,Female,89801,Artist,4,old
1383,Male,173466,Entertainment,5,old
1384,Female,55690,Marketing,6,midage
1385,Female,104467,,1,old
1386,Male,100419,Artist,4,midage
1387,Female,62951,Lawyer,2,old
1388,Male,118554,Lawyer,6,midage
1389,Female,140673,Artist,7,young
1390,Female,75561,Healthcare,3,old
1391,Female,147306,Healthcare,6,old
1392,Female,111871,Doctor,1,midage
1393,Male,112884,Healthcare,6,young
1394,Female,121267,Engineer,1,old
1395,Female,151519,Artist,2,old
1396,Female,105448,Artist,5,midage
1397,Female,92048,Healthcare,1,young
1398,Male,99980,Healthcare,1,old
1399,Male,84003,Artist,6,young
1400,Male,110889,Executive,2,young
1401,Female,82478,Executive,1,old
1402,Male,139685,Healthcare,4,old
1403,Female,182374,Entertainment,6,old
1404,Female,119366,Engineer,2,old
1405,Female,53788,Doctor,2,old
1406,Female,90341,Doctor,2,young
1407,Female,118348,Engineer,7,old
1408,Male,137428,Artist,2,old
1409,Female,106982,Entertainment,7,old
1410,Female,98532,Doctor,6,young
1411,Female,120825,Executive,7,midage
1412,Female,58006,Executive,5,old
1413,Male,106941,Artist,1,young
1414,Male,129782,Entertainment,2,old
1415,Male,121513,Engineer,6,old
1416,Female,79925,Healthcare,3,old
1417,Male,112089,Healthcare,7,midage
1418,Female,138656,,4,young
1419,Female,146794,Healthcare,3,old
1420,Female,75033,Engineer,5,old
1421,Female,149969,Executive,6,old
1422,Female,124852,Healthcare,5,young
1423,Male,154837,Executive,4,old
1424,Female,145678,Executive,1,old
1425,Female,137354,Artist,7,young
1426,Female,136660,Entertainment,3,old
1427,Female,63334,Artist,6,young
1428,Male,62893,Executive,5,midage
1429,Male,163514,Doctor,2,old
1430,Male,145934,Marketing,2,midage
1431,Female,119223,Lawyer,7,old
1432,Male,127479,Doctor,2,old
1433,Female,136146,Artist,6,midage
1434,Female,76001,Artist,3,young
1435,Female,84885,Healthcare,2,young
1436,Female,82812,Artist,2,young
1437,Male,51260,Entertainment,5,old
1438,Male,159572,Healthcare,5,midage
1439,Male,130186,Artist,7,young
1440,Female,176954,Artist,6,old
1441,Male,85908,Artist,4,old
1442,Female,75831,Healthcare,7,young
1443,Female,123045,Engineer,3,old
1444,Female,161211,Lawyer,1,midage
1445,Female,81702,Marketing,4,old
1446,Female,173043,Artist,6,midage
1447,Male,126380,Artist,1,old
1448,Female,128205,Healthcare,5,old
1449,Female,181355,Artist,3,old
1450,Female,97931,Healthcare,7,old
1451,Male,146432,Artist,1,old
1452,Female,125731,Artist,4,old
1453,Female,132701,Healthcare,2,old
1454,Female,116095,Artist,1,old
1455,Female,135773,Artist,5,young
1456,Male,136417,Healthcare,6,old
1457,Male,80783,Artist,3,midage
1458,Male,182580,Executive,6,midage
1459,Female,143567,Artist,2,old
1460,Male,85908,Entertainment,4,old
1461,Female,139806,Entertainment,4,old
1462,Female,77269,Artist,1,old
1463,Female,105968,Engineer,5,old
1464,Female,125660,Engineer,4,old
1465,Female,98444,Entertainment,4,old
1466,Male,179503,Artist,3,old
1467,Female,60575,Engineer,2,young
1468,Female,75685,Marketing,3,old
1469,Female,85374,Artist,5,old
1470,Female,128642,Marketing,6,old
1471,Male,182292,Artist,5,midage
1472,Female,124702,Artist,3,young
1473,Female,127833,Artist,7,old
1474,Female,178866,Artist,4,old
1475,Female,183643,Artist,5,old
1476,Male,113306,Executive,6,old
1477,Male,84008,Artist,4,young
1478,Male,85758,Lawyer,4,old
1479,Female,63128,Engineer,7,old
1480,Male,70174,Executive,6,old
1481,Female,170133,Engineer,5,old
1482,Female,165978,Artist,3,midage
1483,Female,149727,Artist,3,young
1484,Female,147052,,4,young
1485,Female,113389,Doctor,6,old
1486,Male,111690,Entertainment,4,midage
1487,Female,184830,Doctor,3,old
1488,Female,91549,Artist,3,midage
1489,Female,94629,Marketing,3,old
1490,Female,167558,Artist,7,old
1491,Male,119189,Artist,3,old
1492,Female,96207,Artist,5,midage
1493,Male,85339,Doctor,7,midage
1494,Female,111942,Artist,5,midage
1495,Female,157003,Engineer,4,old
1496,Female,117123,Artist,7,old
1497,Female,172747,Artist,2,old
1498,Male,157358,Healthcare,4,midage
1499,Male,156655,Entertainment,5,young
1500,Male,166043,Doctor,6,old
1501,Male,67768,Doctor,6,midage
1502,Male,171353,Doctor,4,midage
1503,Female,116971,Executive,5,old
1504,Female,97822,Doctor,3,old
1505,Female,117203,Healthcare,3,old
1506,Female,88720,Artist,1,old
1507,Female,173233,,1,young
1508,Female,139447,Artist,7,old
1509,Male,179269,Entertainment,3,young
1510,Female,136254,Engineer,6,old
1511,Male,174594,Executive,2,midage
1512,Female,100429,Entertainment,1,young
1513,Female,73107,Artist,1,midage
1514,Female,98344,Artist,6,old
1515,Male,163509,Healthcare,1,midage
1516,Male,116204,Engineer,2,young
1517,Female,95853,Healthcare,1,old
1518,Male,156411,Artist,5,midage
1519,Male,72889,Homemaker,7,young
1520,Female,106691,Healthcare,3,old
1521,Male,144832,Artist,3,midage
1522,Male,132297,Entertainment,1,midage
1523,Female,170345,Executive,5,young
1524,Male,157383,Lawyer,2,midage
1525,Female,150782,Executive,2,old
1526,Male,143987,Healthcare,5,old
1527,Female,129659,Entertainment,7,young
1528,Male,104826,Healthcare,1,old
1529,Female,181471,Healthcare,4,young
1530,Female,152547,Artist,4,old
1531,Male,85347,Doctor,1,old
1532,Female,122828,Executive,5,old
1533,Male,107794,Engineer,5,young
1534,Male,152566,Entertainment,7,midage
1535,Female,91715,Entertainment,3,old
1536,Female,99222,Artist,6,old
1537,Female,70280,Engineer,4,midage
1538,Female,70030,Healthcare,2,old
1539,Female,102083,Artist,1,old
1540,Female,166163,Engineer,5,old
1541,Female,182871,Engineer,6,young
1542,Male,187545,Executive,6,old
1543,Male,182910,Entertainment,1,old
1544,Female,174530,Lawyer,6,young
1545,Female,115438,Artist,6,midage
1546,Female,93964,Artist,2,old
1547,Female,180341,Healthcare,3,old
1548,Female,107323,Engineer,7,old
1549,Female,119435,Entertainment,7,old
1550,Female,68341,Artist,6,old
1551,Female,95365,Artist,5,young
1552,Male,131093,Lawyer,7,young
1553,Female,100621,Healthcare,1,midage
1554,Male,116521,Doctor,2,young
1555,Female,136316,Executive,3,young
1556,Male,172039,Lawyer,6,old
1557,Female,70844,Entertainment,3,old
1558,Male,100964,Marketing,6,midage
1559,Female,128037,Entertainment,2,old
1560,Male,97081,Marketing,3,old
1561,Male,92247,Marketing,6,old
1562,Male,129914,Artist,3,old
1563,Female,94014,Engineer,5,
1564,Female,138864,Artist,5,old
1565,Male,169299,Marketing,5,young
1566,Male,119097,Healthcare,7,young
1567,Female,68161,Doctor,2,old
1568,Female,181108,Homemaker,1,midage
1569,Male,87764,Engineer,7,midage
1570,Female,102543,Artist,3,old
1571,Male,139417,Artist,3,old
1572,Female,81802,Homemaker,1,old
1573,Female,102788,Artist,1,old
1574,Female,163179,Healthcare,7,old
1575,Male,71318,Healthcare,3,old
1576,Male,63683,Healthcare,1,old
1577,Female,189689,Healthcare,5,young
1578,Male,121610,Artist,5,old
1579,Female,150682,Artist,1,old
1580,Female,124550,Marketing,3,old
1581,Male,148875,Artist,4,old
1582,Male,107117,Artist,3,young
1583,Male,109223,Engineer,5,midage
1584,Female,120899,Marketing,6,
1585,Female,101948,Artist,5,midage
1586,Male,143169,Engineer,4,old
1587,Female,167619,Healthcare,6,young
1588,Female,181795,Healthcare,5,young
1589,Female,186445,Engineer,1,old
1590,Female,102205,Artist,1,old
1591,Female,52326,Healthcare,2,midage
1592,Male,82992,Entertainment,5,old
1593,Male,145520,Homemaker,7,old
1594,Female,104820,Artist,4,old
1595,Female,69025,Entertainment,2,midage
1596,Male,164976,Entertainment,4,old
1597,Female,178576,Executive,5,old
1598,Female,72415,Marketing,5,old
1599,Male,112146,Entertainment,3,old
1600,Male,144830,Artist,1,young
1601,Female,51661,Entertainment,7,midage
1602,Female,152910,Artist,6,old
1603,Male,114556,Entertainment,7,young
1604,Male,143455,Healthcare,6,
1605,Male,173096,Healthcare,3,midage
1606,Female,121172,Healthcare,4,old
1607,Female,56492,Homemaker,1,midage
1608,Male,156422,Entertainment,7,old
1609,Male,131863,Artist,7,young
1610,Male,118096,Lawyer,3,old
1611,Male,149685,Executive,6,old
1612,Female,89765,Artist,7,old
1613,Female,177701,Entertainment,6,young
1614,Male,64738,Artist,6,midage
1615,Female,92734,Lawyer,4,young
1616,Female,146877,Healthcare,3,old
1617,Female,62935,Artist,7,midage
1618,Female,67178,Entertainment,3,young
1619,Female,115754,Engineer,3,old
1620,Female,186470,Artist,7,old
1621,Male,100939,Healthcare,6,young
1622,Female,86172,Artist,4,old
1623,Female,184222,Healthcare,2,midage
1624,Male,71543,Entertainment,4,old
1625,Female,174836,Healthcare,4,young
1626,Female,130706,,6,old
1627,Male,74407,Doctor,6,young
1628,Male,130055,Healthcare,1,old
1629,Male,88707,Healthcare,5,old
1630,Male,162762,Healthcare,1,old
1631,Male,154821,Doctor,2,old
1632,Male,57248,Lawyer,5,old
1633,Female,99902,Engineer,2,old
1634,Female,165711,Artist,2,young
1635,Male,97455,,4,old
1636,Female,93866,Entertainment,2,midage
1637,Female,141307,Healthcare,3,young
1638,Male,172011,Doctor,5,old
1639,Male,68138,Healthcare,7,old
1640,Female,123246,Homemaker,6,midage
1641,Female,124194,Doctor,7,old
1642,Male,188696,Homemaker,3,young
1643,Female,91213,Lawyer,5,old
1644,Female,166650,Healthcare,3,old
1645,Male,52727,Artist,3,young
1646,Male,126469,Entertainment,2,old
1647,Male,138775,Executive,7,old
1648,Female,68901,Doctor,7,old
1649,Female,118621,Homemaker,7,old
1650,Male,109263,Entertainment,1,midage
1651,Male,150012,Healthcare,6,old
1652,Male,133850,Marketing,3,midage
1653,Female,81640,Entertainment,6,midage
1654,Female,133214,Marketing,7,old
1655,Female,186723,Entertainment,5,midage
1656,Female,92100,Artist,3,old
1657,Male,64484,Homemaker,5,young
1658,Female,69024,Healthcare,5,old
1659,Male,171194,Artist,5,old
1660,Female,183282,Artist,1,young
1661,Female,100099,Healthcare,3,young
1662,Female,164435,Lawyer,3,midage
1663,Male,172407,Doctor,3,old
1664,Female,84781,Executive,3,young
1665,Male,186130,Lawyer,7,old
1666,Female,56782,Artist,5,young
1667,Male,137206,Artist,4,old
1668,Female,146950,Doctor,5,young
1669,Female,174275,Healthcare,2,old
1670,Male,97705,Homemaker,2,old
1671,Male,188984,Lawyer,4,old
1672,Male,119238,Artist,3,midage
1673,Male,87923,Entertainment,5,old
1674,Male,128573,Executive,1,young
1675,Female,132374,Marketing,3,young
1676,Female,135164,Artist,3,old
1677,Male,165194,Artist,3,young
1678,Male,126060,Doctor,3,
1679,Male,89366,Healthcare,3,old
1680,Male,95172,Healthcare,5,old
1681,Female,95975,Executive,1,old
1682,Female,165573,Healthcare,7,old
1683,Male,180887,Entertainment,1,old
1684,Female,142720,Executive,1,old
1685,Female,113460,Lawyer,7,old
1686,Male,110434,Artist,3,old
1687,Female,146016,Artist,6,old
1688,Male,101073,Executive,7,old
1689,Female,62617,Artist,3,midage
1690,Female,96028,Artist,5,old
1691,Female,186334,Artist,1,midage
1692,Female,163473,Artist,1,old
1693,Male,89819,Artist,2,old
1694,Female,69388,Engineer,4,old
1695,Female,134748,Marketing,6,young
1696,Female,149915,Doctor,1,young
1697,Female,104098,Healthcare,6,old
1698,Male,80160,Artist,5,old
1699,Male,124125,Artist,2,young
1700,Male,170226,Lawyer,3,young
1701,Female,53306,Engineer,2,young
1702,Male,103933,Executive,3,old
1703,Female,85401,Entertainment,6,old
1704,Female,53812,Homemaker,5,young
1705,Female,60771,Entertainment,7,young
1706,Female,56398,Entertainment,3,old
1707,Female,171118,Engineer,3,old
1708,Male,79806,Healthcare,5,old
1709,Female,150187,Healthcare,5,old
1710,Female,129455,Lawyer,3,old
1711,Female,116813,Entertainment,6,old
1712,Female,95734,Homemaker,7,old
1713,Male,76654,Artist,1,midage
1714,Male,86289,Artist,5,old
1715,Male,176147,Healthcare,1,midage
1716,Female,142351,Entertainment,7,young
1717,Male,186673,Doctor,1,old
1718,Female,131521,Artist,6,old
1719,Female,50223,Entertainment,1,old
1720,Female,74308,Entertainment,2,old
1721,Female,155881,Lawyer,7,old
1722,Female,168303,Executive,4,old
1723,Male,182748,Engineer,7,old
1724,Female,52374,Artist,1,midage
1725,Female,86154,Doctor,2,midage
1726,Female,163612,Executive,5,old
1727,Female,64756,Marketing,1,old
1728,Male,185257,Artist,4,old
1729,Male,78669,Artist,7,old
1730,Male,164520,Artist,7,young
1731,Female,92135,Homemaker,4,old
1732,Male,103195,Doctor,7,young
1733,Female,161663,Executive,7,midage
1734,Female,57039,Artist,6,old
1735,Female,54754,Artist,2,old
1736,Female,136531,Engineer,4,old
1737,Male,120838,Artist,4,old
1738,Male,127927,Doctor,4,old
1739,Male,164214,Lawyer,4,young
1740,Female,145498,Artist,4,old
1741,Male,129215,Entertainment,6,young
1742,Female,152429,Entertainment,2,old
1743,Female,89252,Entertainment,5,young
1744,Female,147447,Doctor,7,midage
1745,Female,74467,Lawyer,1,old
1746,Female,127410,Engineer,2,old
1747,Male,91290,Healthcare,7,old
1748,Female,92812,Artist,7,old
1749,Female,170166,Artist,4,midage
1750,Female,150823,Artist,1,midage
1751,Male,95839,Executive,2,old
1752,Female,60175,Executive,7,young
1753,Female,153024,Artist,7,midage
1754,Female,116858,Artist,7,young
1755,Female,122961,Doctor,2,young
1756,Male,141471,Artist,6,old
1757,Male,76155,Healthcare,7,old
1758,Male,108169,Executive,3,
1759,Female,139520,Artist,4,old
1760,Male,182631,Artist,3,old
1761,Female,177134,Healthcare,2,old
1762,Female,181703,Lawyer,2,midage
1763,Female,61917,Artist,2,young
1764,Female,140648,Executive,7,young
1765,Female,176783,Doctor,4,old
1766,Male,59741,Artist,5,old
1767,Female,156567,Engineer,6,old
1768,Female,110309,Artist,2,midage
1769,Female,111077,Artist,7,old
1770,Female,170333,Entertainment,2,old
1771,Male,183339,Artist,4,old
1772,Female,84167,Artist,7,old
1773,Female,184815,Lawyer,3,old
1774,Female,122556,Artist,7,old
1775,Female,174768,Entertainment,2,old
1776,Male,172309,Executive,1,old
1777,Male,117920,Doctor,4,old
1778,Male,134882,Artist,3,midage
1779,Female,77259,Lawyer,6,old
1780,Male,170019,Artist,2,midage
1781,Female,176884,Engineer,2,old
1782,Female,106709,Marketing,2,old
1783,Female,168723,Homemaker,2,young
1784,Female,90228,Engineer,5,old
1785,Female,89473,Lawyer,4,young
1786,Male,131911,Healthcare,7,old
1787,Female,140107,Marketing,6,young
1788,Female,170403,Artist,5,young
1789,Female,51416,,5,old
1790,Female,52648,Artist,2,young
1791,Male,125471,Engineer,1,young
1792,Female,106153,Artist,1,old
1793,Male,124785,Lawyer,2,young
1794,Female,101474,Homemaker,2,midage
1795,Female,141359,Healthcare,5,young
1796,Female,57596,Artist,1,old
1797,Female,78489,Artist,5,old
1798,Male,112957,Executive,3,old
1799,Male,82377,Engineer,2,old
1800,Male,82315,Engineer,1,old
1801,Male,93253,Artist,5,old
1802,Male,189650,Lawyer,4,young
1803,Female,114858,Artist,1,old
1804,Female,62151,Artist,2,young
1805,Female,135159,Engineer,6,old
1806,Female,126263,Marketing,3,young
1807,Female,123064,Artist,4,old
1808,Female,181773,Healthcare,1,midage
1809,Male,171794,Artist,5,old
1810,Female,156339,Homemaker,2,young
1811,Male,65483,Marketing,7,old
1812,Female,145654,Executive,3,midage
1813,Female,91609,Entertainment,1,old
1814,Female,53002,Lawyer,5,midage
1815,Male,115699,Healthcare,1,old
1816,Male,149609,Executive,2,midage
1817,Female,165254,Executive,7,midage
1818,Male,50418,Healthcare,1,old
1819,Male,103531,Artist,5,old
1820,Female,184060,Artist,5,old
1821,Male,75961,Executive,7,midage
1822,Male,174163,Artist,2,old
1823,Female,105255,Executive,3,old
1824,Male,51860,Lawyer,5,old
1825,Female,185218,Healthcare,6,midage
1826,Male,189709,Artist,6,young
1827,Female,134665,Artist,2,old
1828,Male,91352,Doctor,3,old
1829,Female,154623,Artist,6,young
1830,Female,113767,Artist,2,young
1831,Male,160469,Lawyer,1,young
1832,Female,99418,Artist,2,old
1833,Male,56215,Healthcare,4,old
1834,Male,55639,Healthcare,1,young
1835,Female,62504,Artist,4,old
1836,Female,151382,Lawyer,1,young
1837,Female,156574,Marketing,7,old
1838,Female,60998,Entertainment,7,old
1839,Female,108509,Doctor,2,old
1840,Female,85540,Homemaker,1,old
1841,Female,73915,Artist,2,old
1842,Male,148901,Healthcare,4,old
1843,Male,152602,Entertainment,1,old
1844,Female,58999,Entertainment,3,old
1845,Female,133740,Artist,4,old
1846,Female,113217,Lawyer,1,young
1847,Female,60209,Artist,3,old
1848,Female,145491,Entertainment,5,midage
1849,Female,61393,Doctor,5,old
1850,Female,133252,Artist,1,old
1851,Female,187234,Doctor,5,midage
1852,Male,145563,Entertainment,6,young
1853,Female,165810,Healthcare,5,old
1854,Male,125181,Artist,7,old
1855,Female,56809,Healthcare,2,old
1856,Male,69419,Healthcare,1,midage
1857,Female,70689,Artist,4,old
1858,Male,55011,Artist,7,old
1859,Female,87955,Engineer,2,old
1860,Male,153660,Healthcare,5,old
1861,Male,104494,Healthcare,4,midage
1862,Male,184443,Executive,7,midage
1863,Female,150778,Entertainment,7,young
1864,Female,88729,Engineer,1,midage
1865,Male,151902,Artist,2,young
1866,Male,51604,Artist,2,midage
1867,Female,157316,Artist,3,young
1868,Female,125508,Artist,6,old
1869,Male,186157,Healthcare,1,old
1870,Female,169381,Entertainment,4,midage
1871,Male,110195,Homemaker,2,old
1872,Female,81199,Entertainment,2,old
1873,Female,58459,Executive,6,young
1874,Female,173682,Artist,6,old
1875,Male,162983,Entertainment,6,young
1876,Male,94480,Executive,4,midage
1877,Female,168710,Doctor,4,old
1878,Male,150193,Engineer,2,young
1879,Female,91823,Artist,4,old
1880,Female,173091,Entertainment,2,midage
1881,Male,102692,Healthcare,2,old
1882,Male,156812,Healthcare,6,old
1883,Male,51468,Artist,3,old
1884,Female,114071,Healthcare,2,young
1885,Female,155638,,4,old
1886,Male,129971,Artist,3,old
1887,Female,104160,Engineer,4,old
1888,Female,124995,Healthcare,1,old
1889,Female,180437,Entertainment,5,old
1890,Female,134644,Executive,2,young
1891,Female,130089,Artist,5,young
1892,Male,149318,Artist,1,old
1893,Male,125591,Healthcare,6,young
1894,Female,173047,Healthcare,3,old
1895,Female,61298,Artist,5,midage
1896,Male,132993,Entertainment,2,old
1897,Female,72313,Lawyer,5,old
1898,Female,84885,Entertainment,5,midage
1899,Male,126228,Marketing,2,old
1900,Male,51199,Executive,7,midage
1901,Female,54631,Artist,6,midage
1902,Female,131810,Healthcare,7,young
1903,Male,138482,Marketing,4,old
1904,Male,74081,Healthcare,3,old
1905,Male,112426,Engineer,6,old
1906,Female,164038,,4,old
1907,Female,53552,Marketing,6,old
1908,Male,142147,Artist,4,young
1909,Male,180324,Artist,2,young
1910,Male,149067,Doctor,7,old
1911,Male,184408,Entertainment,7,midage
1912,Female,59116,Artist,6,young
1913,Female,174786,Executive,3,old
1914,Male,71076,Artist,1,young
1915,Female,56837,Healthcare,4,old
1916,Female,134752,Engineer,5,young
1917,Female,112887,Entertainment,6,old
1918,Female,73128,Artist,5,
1919,Female,152765,Healthcare,1,young
1920,Female,140637,Executive,7,midage
1921,Male,137973,Healthcare,7,old
1922,Female,126791,Artist,4,old
1923,Female,75125,Executive,3,old
1924,Male,101718,Executive,3,young
1925,Female,69654,Homemaker,4,old
1926,Female,105935,Doctor,5,
1927,Male,74607,Healthcare,1,young
1928,Male,151985,Healthcare,7,old
1929,Male,76892,Executive,2,old
1930,Male,87602,Executive,3,old
1931,Male,182317,Healthcare,6,old
1932,Male,158280,Executive,7,old
1933,Female,59905,,5,midage
1934,Female,128153,Artist,6,old
1935,Male,142612,Doctor,6,old
1936,Female,180163,Doctor,7,young
1937,Female,68009,Artist,3,young
1938,Male,166183,Artist,6,old
1939,Male,132537,Doctor,3,old
1940,Female,146308,Artist,1,old
1941,Female,63454,Artist,5,old
1942,Male,110519,Artist,4,old
1943,Female,66728,Healthcare,5,old
1944,Female,170638,Artist,5,old
1945,Male,129635,Artist,4,young
1946,Male,133587,Marketing,3,midage
1947,Male,126225,Engineer,4,old
1948,Female,148776,Artist,5,young
1949,Female,142602,Lawyer,6,old
1950,Male,102413,Healthcare,5,midage
1951,Male,68765,Entertainment,1,old
1952,Male,57522,Artist,5,young
1953,Female,149237,Entertainment,6,old
1954,Female,184844,Entertainment,1,old
1955,Female,131656,Lawyer,6,old
1956,Female,181026,Marketing,2,young
1957,Male,101698,Artist,3,old
1958,Female,152560,Entertainment,2,old
1959,Male,142502,Doctor,1,old
1960,Female,155432,Engineer,6,old
1961,Female,108544,Entertainment,5,old
1962,Female,106530,Engineer,2,old
1963,Male,124359,Homemaker,7,old
1964,Female,146970,Artist,6,old
1965,Male,182176,Artist,5,old
1966,Female,114435,Artist,3,old
1967,Male,134213,Homemaker,4,old
1968,Female,115580,Entertainment,5,old
1969,Female,124034,Executive,2,old
1970,Male,67894,Doctor,1,midage
1971,Male,107099,Executive,6,old
1972,Male,140263,Entertainment,5,old
1973,Male,104249,Engineer,2,old
1974,Male,168821,Executive,5,midage
1975,Female,153145,Healthcare,6,young
1976,Female,128960,Executive,4,old
1977,Male,127438,Engineer,2,old
1978,Male,125968,Lawyer,2,old
1979,Male,104589,Artist,2,old
1980,Male,165321,Doctor,1,
1981,Female,86925,Artist,2,young
1982,Female,149797,Artist,6,old
1983,Male,137094,Lawyer,1,midage
1984,Female,55395,Marketing,1,old
1985,Female,153622,Lawyer,6,young
1986,Male,74050,Entertainment,1,midage
1987,Female,68094,Doctor,7,young
1988,Male,59244,Artist,1,old
1989,Female,118944,Artist,4,old
1990,Female,75293,Doctor,7,old
1991,Female,166983,Artist,3,midage
1992,Female,129444,Entertainment,6,old
1993,Male,181183,Marketing,3,old
1994,Female,175254,Artist,5,old
1995,Female,54121,Engineer,3,young
1996,Female,184387,Artist,7,old
1997,Female,73158,Doctor,7,old
1998,Male,90961,Healthcare,2,old
1999,Male,182109,Executive,2,old
2000,Male,110610,Entertainment,2,old